scope,feature_name,importance_wape_mean,importance_wape_std
ALL,branch_lag_1,0.010489693440888709,0.006515673959086671
ALL,branch_lag_2,0.004983344633436582,0.001357861886886691
ALL,branch_lag_3,-6.770711101611315e-06,0.0006874439671742394
ALL,branch_lag_6,-0.012459464804485842,0.0023298686545250025
ALL,branch_lag_12,-0.0015860588007153287,0.006166893793016381
ALL,branch_roll_3_mean,0.11818304713933997,0.007628681530928938
ALL,branch_roll_3_sum,-0.0009219232682533829,5.779248693807415e-05
ALL,branch_roll_3_std,0.007265172306084949,7.348414064392572e-05
ALL,branch_roll_3_observed_count,0.0,0.0
ALL,branch_roll_6_mean,0.020995569694060717,0.00016143843497265498
ALL,branch_roll_6_sum,0.0006987159539866838,0.0021897827136999615
ALL,branch_roll_6_std,0.0011548372836890086,0.0005850793575293001
ALL,branch_roll_6_observed_count,0.0,0.0
ALL,branch_roll_12_mean,0.09516120647764886,0.0015395260289625123
ALL,branch_roll_12_sum,0.025780221389150842,0.004297254481702956
ALL,branch_roll_12_std,0.0026022364349336524,0.0006225978836828239
ALL,branch_roll_12_observed_count,0.0,0.0
ALL,branch_history_length_months,0.007301393535102202,0.0024597385700379226
ALL,branch_observed_month_count_to_origin,0.0,0.0
ALL,branch_positive_month_count_to_origin,-2.0338793257662635e-05,0.00012710154010395214
ALL,branch_positive_rate_to_origin,-0.00020554801412070445,0.0
ALL,months_since_last_branch_positive,0.0,0.0
ALL,branch_observed_pair_count_lag_1,0.0024316532416969183,0.0020210948280135477
ALL,branch_positive_pair_count_lag_1,-0.0022961208087204366,0.0015696352066381647
ALL,branch_explicit_zero_pair_count_lag_1,0.0003407454083012018,8.007600039550145e-06
ALL,branch_negative_only_pair_count_lag_1,-0.0003740553783984635,0.0009068551629553556
ALL,branch_new_positive_pair_count_lag_1,0.004183991767352457,0.00016894820357438167
ALL,branch_reactivated_pair_count_lag_1,0.0005408149962888575,0.0003088266874303469
ALL,branch_pair_top1_share_lag_1,-0.009285543122006773,0.0018737477870241215
ALL,branch_pair_top5_share_lag_1,0.009177536269333486,0.002405983584428284
ALL,branch_pair_top10_share_lag_1,0.0007383725839228139,0.0023679689646321778
ALL,branch_pair_hhi_lag_1,-0.00021722488272543639,0.0007410164087427173
ALL,branch_average_m2_per_positive_pair_lag_1,0.024907769176589517,0.018835152825510987
ALL,branch_positive_pair_count_roll_3_mean,0.02691674471615188,0.0033230057073404817
ALL,branch_new_positive_pair_count_roll_3_mean,0.009701910295408095,0.0046726261438808925
ALL,horizon,0.0017869740585959026,0.00017427657657231865
ALL,target_month_num,0.006984729140315782,0.002522474005783648
ALL,target_quarter,0.0,0.0
ALL,target_year,0.0,0.0
ALL,target_days_in_month,0.0003428291201884315,0.0003527452532039177
ALL,target_month_sin,0.001985003857900375,0.003894854664789421
ALL,target_month_cos,-0.00016027705368507061,0.0002813965999005352
ALL,target_weekday_count,-0.0007142837509346023,2.799242322490403e-05
ALL,target_public_holiday_event_count,-0.00040372184221837415,1.2257684620542442e-05
ALL,target_statutory_holiday_nominal_days,0.031133966505052568,0.0014849315837966448
ALL,target_working_days_proxy,0.015540379016347694,0.00015474985362068372
ALL,target_lunar_month_mid,0.0038108213208949138,0.002417801659082258
ALL,target_lunar_month_mid_is_leap,0.0,0.0
ALL,target_lunar_month_sin,0.010570464838283555,0.0005297322978209951
ALL,target_lunar_month_cos,-5.849788427786384e-05,0.0
ALL,target_tet_day_of_month,0.0,0.0
ALL,target_days_to_next_tet_from_midmonth,0.001981899531130704,0.0026695414843366794
ALL,target_days_since_prev_tet_from_midmonth,0.003986139888160767,0.00258474068564446
ALL,target_is_tet_month,0.0,0.0
ALL,target_is_post_tet_month,0.00021047496271853205,1.7203663996656626e-05
h1,branch_lag_1,0.03173887033046513,0.016992135760242333
h1,branch_lag_2,0.008658509913854612,0.00043888749006001926
h1,branch_lag_3,0.004179814444312091,0.000497636692496195
h1,branch_lag_6,-0.004196446397267933,0.0028704698376596782
h1,branch_lag_12,-0.002123221742853343,0.0023329621664063827
h1,branch_roll_3_mean,0.1346432078392962,0.009186499656165276
h1,branch_roll_3_sum,-0.0017472515911288178,0.0011362110996765984
h1,branch_roll_3_std,0.007388596727454788,0.0021641372951671234
h1,branch_roll_3_observed_count,0.0,0.0
h1,branch_roll_6_mean,0.02877593270334347,0.009532481783427998
h1,branch_roll_6_sum,0.0025437922029284965,0.0021393207245430923
h1,branch_roll_6_std,0.0006787203354088889,0.00018156151618164973
h1,branch_roll_6_observed_count,0.0,0.0
h1,branch_roll_12_mean,0.13907127250667894,0.018554244664805153
h1,branch_roll_12_sum,0.027462533001832934,0.0008482765249339663
h1,branch_roll_12_std,0.005752696492714066,0.0002860723995320169
h1,branch_roll_12_observed_count,0.0,0.0
h1,branch_history_length_months,0.005900608966391302,0.005662696201960332
h1,branch_observed_month_count_to_origin,0.0,0.0
h1,branch_positive_month_count_to_origin,-0.00013892364257053758,0.0003492052330950346
h1,branch_positive_rate_to_origin,-0.00019952279708518317,0.0
h1,months_since_last_branch_positive,0.0,0.0
h1,branch_observed_pair_count_lag_1,0.01152345081646114,0.0035121180342548575
h1,branch_positive_pair_count_lag_1,0.007267194333522686,0.001651162415198859
h1,branch_explicit_zero_pair_count_lag_1,0.0005604932926536743,0.00020901047197613432
h1,branch_negative_only_pair_count_lag_1,-0.002750916652601826,0.0004034430144731205
h1,branch_new_positive_pair_count_lag_1,0.0031420234611644338,0.0026866151561010243
h1,branch_reactivated_pair_count_lag_1,0.010922357285988282,0.0013907890414428525
h1,branch_pair_top1_share_lag_1,-0.003303379775715265,0.0024509604836961407
h1,branch_pair_top5_share_lag_1,-0.016206593356270504,0.007321177226431441
h1,branch_pair_top10_share_lag_1,-0.01250560657846797,0.0037111509857461755
h1,branch_pair_hhi_lag_1,0.004787568562101552,0.0011715784948431174
h1,branch_average_m2_per_positive_pair_lag_1,0.03988066587698588,0.009353747262473483
h1,branch_positive_pair_count_roll_3_mean,-0.007687659147383674,0.012146782720891203
h1,branch_new_positive_pair_count_roll_3_mean,-0.01645882155199807,0.001702024332260299
h1,horizon,0.0,0.0
h1,target_month_num,0.0,0.0
h1,target_quarter,0.0,0.0
h1,target_year,0.0,0.0
h1,target_days_in_month,0.0,0.0
h1,target_month_sin,0.0,0.0
h1,target_month_cos,0.0,0.0
h1,target_weekday_count,0.0,0.0
h1,target_public_holiday_event_count,0.0,0.0
h1,target_statutory_holiday_nominal_days,0.0,0.0
h1,target_working_days_proxy,0.0,0.0
h1,target_lunar_month_mid,0.0,0.0
h1,target_lunar_month_mid_is_leap,0.0,0.0
h1,target_lunar_month_sin,0.0,0.0
h1,target_lunar_month_cos,0.0,0.0
h1,target_tet_day_of_month,0.0,0.0
h1,target_days_to_next_tet_from_midmonth,0.0,0.0
h1,target_days_since_prev_tet_from_midmonth,0.0,0.0
h1,target_is_tet_month,0.0,0.0
h1,target_is_post_tet_month,0.0,0.0
h2,branch_lag_1,-0.03766822212436838,0.022664411438510723
h2,branch_lag_2,0.023854475651437168,0.004205145130287358
h2,branch_lag_3,-0.009672188521422709,0.001412119645411214
h2,branch_lag_6,-0.018774272660291857,0.0011076785092795083
h2,branch_lag_12,-0.01438211517336263,0.01590815243545507
h2,branch_roll_3_mean,0.32781235357106997,0.028388860660186976
h2,branch_roll_3_sum,0.004130426439588164,0.0002527579524483903
h2,branch_roll_3_std,0.005775119667520978,0.006480026335048739
h2,branch_roll_3_observed_count,0.0,0.0
h2,branch_roll_6_mean,0.08990572371384586,0.04808292552430782
h2,branch_roll_6_sum,0.00954322015884379,0.0020952926428624563
h2,branch_roll_6_std,-0.007451275779753352,0.001148796818412734
h2,branch_roll_6_observed_count,0.0,0.0
h2,branch_roll_12_mean,0.09835042005850125,0.08007683009851307
h2,branch_roll_12_sum,0.07124674091757044,0.007112244421751401
h2,branch_roll_12_std,0.0032590071333796766,0.0063743297032493595
h2,branch_roll_12_observed_count,0.0,0.0
h2,branch_history_length_months,0.023232891190369753,0.024657982617424135
h2,branch_observed_month_count_to_origin,0.0,0.0
h2,branch_positive_month_count_to_origin,0.004634585148042825,0.0015221207367256406
h2,branch_positive_rate_to_origin,0.0,0.0
h2,months_since_last_branch_positive,0.0,0.0
h2,branch_observed_pair_count_lag_1,0.006810693018091563,0.0015844012709098632
h2,branch_positive_pair_count_lag_1,-0.03627484616909071,0.0048221318065435614
h2,branch_explicit_zero_pair_count_lag_1,-0.00033822757012158533,0.0002701028247380499
h2,branch_negative_only_pair_count_lag_1,-0.0015060023432451608,0.0004445506375185815
h2,branch_new_positive_pair_count_lag_1,-0.008041052274751825,0.00833776946137954
h2,branch_reactivated_pair_count_lag_1,-0.004340797987307354,0.014002043115598273
h2,branch_pair_top1_share_lag_1,-0.04219148509069437,0.003321623431906895
h2,branch_pair_top5_share_lag_1,0.0770318353840661,0.02470077500293033
h2,branch_pair_top10_share_lag_1,0.02330421151169848,0.015078576658234977
h2,branch_pair_hhi_lag_1,-0.018125962289943565,4.273647643293632e-05
h2,branch_average_m2_per_positive_pair_lag_1,-0.001045952600536526,0.011066726637455448
h2,branch_positive_pair_count_roll_3_mean,0.2506560747311811,0.007402992308581324
h2,branch_new_positive_pair_count_roll_3_mean,0.09459383371197994,0.015646609164448155
h2,horizon,0.0,0.0
h2,target_month_num,0.0,0.0
h2,target_quarter,0.0,0.0
h2,target_year,0.0,0.0
h2,target_days_in_month,0.0,0.0
h2,target_month_sin,0.0,0.0
h2,target_month_cos,0.0,0.0
h2,target_weekday_count,0.0,0.0
h2,target_public_holiday_event_count,0.0,0.0
h2,target_statutory_holiday_nominal_days,0.0,0.0
h2,target_working_days_proxy,0.0,0.0
h2,target_lunar_month_mid,0.0,0.0
h2,target_lunar_month_mid_is_leap,0.0,0.0
h2,target_lunar_month_sin,0.0,0.0
h2,target_lunar_month_cos,0.0,0.0
h2,target_tet_day_of_month,0.0,0.0
h2,target_days_to_next_tet_from_midmonth,0.0,0.0
h2,target_days_since_prev_tet_from_midmonth,0.0,0.0
h2,target_is_tet_month,0.0,0.0
h2,target_is_post_tet_month,0.0,0.0
h3,branch_lag_1,0.009708957366581866,0.009343197687055799
h3,branch_lag_2,0.0013408653179942942,0.0031121462321066773
h3,branch_lag_3,-0.0018923829267729342,0.00031285997567889745
h3,branch_lag_6,-0.012046755525341346,0.0019347638471120532
h3,branch_lag_12,-0.0033911926707933526,0.0037486986658493704
h3,branch_roll_3_mean,0.13066007313225825,0.016147916868048617
h3,branch_roll_3_sum,-0.0004135837920469787,0.0002835112205061274
h3,branch_roll_3_std,0.011121549872757625,0.0016627868748786134
h3,branch_roll_3_observed_count,0.0,0.0
h3,branch_roll_6_mean,0.012367549575242193,0.0009183085385281731
h3,branch_roll_6_sum,0.002597923821556075,0.00011235832624753583
h3,branch_roll_6_std,-0.0038438129423271072,0.001991643108237351
h3,branch_roll_6_observed_count,0.0,0.0
h3,branch_roll_12_mean,0.10471384152116309,0.01936962275467108
h3,branch_roll_12_sum,0.020178843028502508,0.01005501268338041
h3,branch_roll_12_std,-0.005096511602953241,0.0028895049812142914
h3,branch_roll_12_observed_count,0.0,0.0
h3,branch_history_length_months,0.005458934452442943,0.005543646696921312
h3,branch_observed_month_count_to_origin,0.0,0.0
h3,branch_positive_month_count_to_origin,0.00022497250800584956,5.82224087396499e-05
h3,branch_positive_rate_to_origin,-0.00025704988638208803,0.0
h3,months_since_last_branch_positive,0.0,0.0
h3,branch_observed_pair_count_lag_1,0.005371858141647479,0.0015698392573067488
h3,branch_positive_pair_count_lag_1,-0.006275750434386301,0.0005512593412128897
h3,branch_explicit_zero_pair_count_lag_1,0.0008500144706511947,0.0005224332723855474
h3,branch_negative_only_pair_count_lag_1,0.0035291941487061995,3.3981232722885e-05
h3,branch_new_positive_pair_count_lag_1,0.0069761200311173055,0.0030935885248095096
h3,branch_reactivated_pair_count_lag_1,0.003217187368455221,0.0019463657291314829
h3,branch_pair_top1_share_lag_1,-0.0042992075617006575,0.00010407541166312928
h3,branch_pair_top5_share_lag_1,0.01795799269409218,0.0018413145826407795
h3,branch_pair_top10_share_lag_1,0.013020659217915537,0.00042321523426855356
h3,branch_pair_hhi_lag_1,-0.0008095682069202692,0.0008562717065857262
h3,branch_average_m2_per_positive_pair_lag_1,0.04683599023263155,0.011239951863763559
h3,branch_positive_pair_count_roll_3_mean,0.05391528860686445,0.0063528525379139
h3,branch_new_positive_pair_count_roll_3_mean,0.0031711895411504765,0.002800400118621371
h3,horizon,0.0,0.0
h3,target_month_num,0.0,0.0
h3,target_quarter,0.0,0.0
h3,target_year,0.0,0.0
h3,target_days_in_month,0.0,0.0
h3,target_month_sin,0.0,0.0
h3,target_month_cos,0.0,0.0
h3,target_weekday_count,0.0,0.0
h3,target_public_holiday_event_count,0.0,0.0
h3,target_statutory_holiday_nominal_days,0.0,0.0
h3,target_working_days_proxy,0.0,0.0
h3,target_lunar_month_mid,0.0,0.0
h3,target_lunar_month_mid_is_leap,0.0,0.0
h3,target_lunar_month_sin,0.0,0.0
h3,target_lunar_month_cos,0.0,0.0
h3,target_tet_day_of_month,0.0,0.0
h3,target_days_to_next_tet_from_midmonth,0.0,0.0
h3,target_days_since_prev_tet_from_midmonth,0.0,0.0
h3,target_is_tet_month,0.0,0.0
h3,target_is_post_tet_month,0.0,0.0
