model,universe,horizon,segment,n_rows,wape,mae,bias,bias_ratio,zero_false_positive_rate,positive_wape
naive_1,PRIMARY,,,44289,1.465437996142898,42.77866038971302,579286.99,0.44806205637195873,0.25337506718517816,1.0059333628041498
naive_1,PRIMARY,1.0,,14775,1.066593881568698,41.38366429780034,54863.860000000015,0.09570376330227531,0.1798719929375414,0.8816396421405553
naive_1,PRIMARY,2.0,,14484,3.7539492297685535,38.121351836509255,448506.13999999996,3.049298769466718,0.2975310715485388,1.8453652075082292
naive_1,PRIMARY,3.0,,15030,1.2768657615950294,48.63810978043912,75916.98999999999,0.13260153550352127,0.26653532226287646,0.914732504658486
seasonal_naive_12,PRIMARY,,,44289,1.3612678957455837,39.737755650387236,-480666.28,-0.3717817343791196,0.20329444497138702,0.982744443354623
seasonal_naive_12,PRIMARY,1.0,,14775,1.2241186763185419,47.495599999999996,-302771.41,-0.5281502861325496,0.2026042816155374,0.9834424601023541
seasonal_naive_12,PRIMARY,2.0,,14484,2.35860513590066,23.951633526650095,120708.91999999998,0.8206745201295494,0.20288881424252603,1.0637916127550997
seasonal_naive_12,PRIMARY,3.0,,15030,1.242372135707682,47.32418562874251,-298603.79000000004,-0.5215607344439107,0.2043343653250774,0.961223831445867
moving_average_3,PRIMARY,,,44289,1.2256356402158421,35.77841638631113,245333.6233333333,0.18975859921852703,0.4292895760220051,0.8157899820721909
moving_average_3,PRIMARY,1.0,,14775,0.9159286938857324,35.53788020304568,-57209.95333333334,-0.09979625626683118,0.3536746854998897,0.7256142229673002
moving_average_3,PRIMARY,2.0,,14484,2.9713834423598526,30.17439680567063,344358.7433333333,2.3412225578482353,0.47808196170641587,1.321447236533485
moving_average_3,PRIMARY,3.0,,15030,1.0872501869761022,41.415312042581505,-41815.16666666666,-0.07303708046559353,0.4390655783844638,0.7761760298584665
croston_sba,PRIMARY,,,44289,2.924026961014132,85.35738575417064,2717382.0590545237,2.101817949214149,0.9967434948939264,0.8444778149110738
croston_sba,PRIMARY,1.0,,14775,2.1672810041749324,84.09014064834405,767419.9026231116,1.3386767302573575,0.9961377179430589,0.7815811590901746
croston_sba,PRIMARY,2.0,,14484,8.371798538041086,85.01560837377511,1163346.074895536,7.9093449080605565,0.9971447766207592,1.4530035294467336
croston_sba,PRIMARY,3.0,,15030,2.2821841426998293,86.9324922090101,786616.0815358764,1.3739546347058849,0.9968102073365231,0.7511213745761959
tsb,PRIMARY,,,44289,2.2042474206157863,64.34578062641467,1785416.4931159473,1.3809690174225084,0.9967434948939264,0.8458332910574178
tsb,PRIMARY,1.0,,14775,1.622175039067796,62.94012032988487,457045.90492808324,0.7972645946441154,0.9961377179430589,0.775207999516575
tsb,PRIMARY,2.0,,14484,6.254451117054934,63.51394677551341,852197.2314348905,5.79390946388684,0.9971447766207592,1.4907359249328698
tsb,PRIMARY,3.0,,15030,1.7465495294890108,66.52920793031898,476173.3567529738,0.831715249396879,0.9968102073365231,0.7508700524735212
naive_1,PRIMARY,,,44289,1.465437996142898,42.77866038971302,579286.99,0.44806205637195873,0.25337506718517816,1.0059333628041498
naive_1,PRIMARY,1.0,,14775,1.066593881568698,41.38366429780034,54863.860000000015,0.09570376330227531,0.1798719929375414,0.8816396421405553
naive_1,PRIMARY,2.0,,14484,3.7539492297685535,38.121351836509255,448506.13999999996,3.049298769466718,0.2975310715485388,1.8453652075082292
naive_1,PRIMARY,3.0,,15030,1.2768657615950294,48.63810978043912,75916.98999999999,0.13260153550352127,0.26653532226287646,0.914732504658486
naive_1,PRIMARY,,regular,4049,1.150550251592464,122.58180044455422,235240.51,0.5453105894524866,0.8384781048097631,0.8715804922954299
naive_1,PRIMARY,,intermittent,34051,1.6183991983734916,38.307705794249806,339634.44999999995,0.42138723555220464,0.2566060606060606,1.0756907292213858
naive_1,PRIMARY,,very_sparse,6189,1.6916553138425166,15.167989982226532,4412.029999999999,0.07950635037338175,0.09022967553773241,1.0371878874376494
seasonal_naive_12,PRIMARY,,,44289,1.3612678957455837,39.737755650387236,-480666.28,-0.3717817343791196,0.20329444497138702,0.982744443354623
seasonal_naive_12,PRIMARY,1.0,,14775,1.2241186763185419,47.495599999999996,-302771.41,-0.5281502861325496,0.2026042816155374,0.9834424601023541
seasonal_naive_12,PRIMARY,2.0,,14484,2.35860513590066,23.951633526650095,120708.91999999998,0.8206745201295494,0.20288881424252603,1.0637916127550997
seasonal_naive_12,PRIMARY,3.0,,15030,1.242372135707682,47.32418562874251,-298603.79000000004,-0.5215607344439107,0.2043343653250774,0.961223831445867
seasonal_naive_12,PRIMARY,,regular,4049,0.9257686558452282,98.63314398616942,-297438.86,-0.689492469101838,0.135678391959799,0.8826789666808627
seasonal_naive_12,PRIMARY,,intermittent,34051,1.608384077987144,38.070646677043264,-136606.49,-0.16948878766447245,0.24703030303030302,1.0351345847636992
seasonal_naive_12,PRIMARY,,very_sparse,6189,1.1575604402733326,10.379103247697527,-46620.93,-0.8401257460427298,0.023149835946044476,0.9997026641294005
moving_average_3,PRIMARY,,,44289,1.2256356402158421,35.77841638631113,245333.6233333333,0.18975859921852703,0.4292895760220051,0.8157899820721909
moving_average_3,PRIMARY,1.0,,14775,0.9159286938857324,35.53788020304568,-57209.95333333334,-0.09979625626683118,0.3536746854998897,0.7256142229673002
moving_average_3,PRIMARY,2.0,,14484,2.9713834423598526,30.17439680567063,344358.7433333333,2.3412225578482353,0.47808196170641587,1.321447236533485
moving_average_3,PRIMARY,3.0,,15030,1.0872501869761022,41.415312042581505,-41815.16666666666,-0.07303708046559353,0.4390655783844638,0.7761760298584665
moving_average_3,PRIMARY,,regular,4049,0.9504144048596733,101.25894871161604,123261.98333333334,0.2857333747005674,0.9899497487437185,0.7083653424051949
moving_average_3,PRIMARY,,intermittent,34051,1.3602447401076818,32.19715838007694,136781.08000000002,0.16970540290316533,0.4492929292929293,0.8671310447089892
moving_average_3,PRIMARY,,very_sparse,6189,1.4100452671337542,12.642973016642431,-14709.44,-0.26506934232909496,0.1966824644549763,0.9051937068112139
croston_sba,PRIMARY,,,44289,2.924026961014132,85.35738575417064,2717382.0590545237,2.101817949214149,0.9967434948939264,0.8444778149110738
croston_sba,PRIMARY,1.0,,14775,2.1672810041749324,84.09014064834405,767419.9026231116,1.3386767302573575,0.9961377179430589,0.7815811590901746
croston_sba,PRIMARY,2.0,,14484,8.371798538041086,85.01560837377511,1163346.074895536,7.9093449080605565,0.9971447766207592,1.4530035294467336
croston_sba,PRIMARY,3.0,,15030,2.2821841426998293,86.9324922090101,786616.0815358764,1.3739546347058849,0.9968102073365231,0.7511213745761959
croston_sba,PRIMARY,,regular,4049,1.0500689136109194,111.87632860287897,164071.1989135971,0.38033314156541237,1.0,0.7315424966006496
croston_sba,PRIMARY,,intermittent,34051,3.3528973788147,79.36348860962751,1983720.9276339468,2.46121875387707,1.0,0.8918052564871283
croston_sba,PRIMARY,,very_sparse,6189,11.262719713313809,100.98559581628382,569589.9325069805,10.264213240402006,0.9812249362012395,1.035015110068333
tsb,PRIMARY,,,44289,2.2042474206157863,64.34578062641467,1785416.4931159473,1.3809690174225084,0.9967434948939264,0.8458332910574178
tsb,PRIMARY,1.0,,14775,1.622175039067796,62.94012032988487,457045.90492808324,0.7972645946441154,0.9961377179430589,0.775207999516575
tsb,PRIMARY,2.0,,14484,6.254451117054934,63.51394677551341,852197.2314348905,5.79390946388684,0.9971447766207592,1.4907359249328698
tsb,PRIMARY,3.0,,15030,1.7465495294890108,66.52920793031898,476173.3567529738,0.831715249396879,0.9968102073365231,0.7508700524735212
tsb,PRIMARY,,regular,4049,1.0809474640903847,115.16618778777934,191752.32601960207,0.44450071091341614,1.0,0.7513291840481309
tsb,PRIMARY,,intermittent,34051,2.5489988721105195,60.33511321608411,1324611.0732618405,1.6434557753009031,1.0,0.8881214543098244
tsb,PRIMARY,,very_sparse,6189,5.929263682670196,53.16391075936026,269053.0938345048,4.848432478348628,0.9812249362012395,0.9662823755821472
lightgbm_tweedie,PRIMARY,,,44289,1.0058951850289528,29.363813836723452,-336610.35013052064,-0.2603585585023515,1.0,0.7437284382893411
lightgbm_tweedie,PRIMARY,1.0,,14775,0.876757602579402,34.018048408759086,-193056.58434089337,-0.3367652522390259,1.0,0.7044791958132188
lightgbm_tweedie,PRIMARY,2.0,,14484,1.5158789036390037,15.3937492198655,82577.17927678156,0.5614248472824087,1.0,0.786759294291576
lightgbm_tweedie,PRIMARY,3.0,,15030,1.004182444929881,38.251112579820195,-226130.94506640878,-0.3949749659551601,1.0,0.7719739688548672
lightgbm_tweedie,PRIMARY,,regular,4049,0.7855380428509406,83.69270918595868,-122819.56254925238,-0.28470779990244605,1.0,0.6548072710617305
lightgbm_tweedie,PRIMARY,,intermittent,34051,1.0954644349642,25.929776364723658,-207946.4960604205,-0.25800091574240486,1.0,0.7844136198733016
lightgbm_tweedie,PRIMARY,,very_sparse,6189,1.4179741610712207,12.714066331474074,-5844.2915208477125,-0.10531621256897673,1.0,0.8440591542755681
catboost_tweedie,PRIMARY,,,44289,1.2001668956082419,35.03493984278725,-23317.74853974642,-0.01803561713112704,1.0,0.7603403497772854
catboost_tweedie,PRIMARY,1.0,,14775,0.9080691171090309,35.23292993802876,-206381.84409444692,-0.36000965220278025,1.0,0.7182579142461151
catboost_tweedie,PRIMARY,2.0,,14484,2.5524041906323576,25.919662793648317,263265.1318484117,1.789884175473841,1.0,0.9482508455975017
catboost_tweedie,PRIMARY,3.0,,15030,1.145245353849101,43.62445209312226,-80201.03629371118,-0.14008432844241775,1.0,0.7542020049397771
catboost_tweedie,PRIMARY,,regular,4049,0.8260922190054721,88.01342783487253,-57058.96576090616,-0.13226828258716575,1.0,0.658578987577788
catboost_tweedie,PRIMARY,,intermittent,34051,1.3399646488325512,31.7171261538938,866.4231781625494,0.0010749783123127586,1.0,0.8084258041550785
catboost_tweedie,PRIMARY,,very_sparse,6189,2.0776788831626445,18.629216145995798,32874.79404299722,0.5924154853061518,1.0,0.853004341537975
hurdle,PRIMARY,,,44289,0.8593796511853881,25.086772924307947,-825318.3270370018,-0.6383603173509279,0.030004110152075627,0.8143224891452846
hurdle,PRIMARY,1.0,,14775,0.7937395298647189,30.796961065915983,-283516.9780637053,-0.4945631197073124,0.07272125358640477,0.7358211545702621
hurdle,PRIMARY,2.0,,14484,0.9467950666974493,9.614703248629178,-115986.8313743679,-0.7885700342568417,0.0004198857910648304,0.9270302155220947
hurdle,PRIMARY,3.0,,15030,0.9026477752103531,34.38347468014777,-425814.51759892865,-0.7437552367830855,0.026737967914438502,0.8639708237070467
hurdle,PRIMARY,,regular,4049,0.7224530282705286,76.97151238674492,-192423.29522767707,-0.446056083388845,0.1974156496769562,0.6703277859385639
hurdle,PRIMARY,,intermittent,34051,0.9224254117863193,21.833921647615192,-582564.6478599735,-0.7227927157923992,0.026141414141414143,0.8797725579987269
hurdle,PRIMARY,,very_sparse,6189,1.0081229703276722,9.039193143932694,-50330.383949351395,-0.9069714260111472,0.004921618665694495,0.983090645942727
behavior_gated,PRIMARY,,,44289,0.8593796511853881,25.086772924307947,-825318.3270370018,-0.6383603173509279,0.030004110152075627,0.8143224891452846
behavior_gated,PRIMARY,1.0,,14775,0.7937395298647189,30.796961065915983,-283516.9780637053,-0.4945631197073124,0.07272125358640477,0.7358211545702621
behavior_gated,PRIMARY,2.0,,14484,0.9467950666974493,9.614703248629178,-115986.8313743679,-0.7885700342568417,0.0004198857910648304,0.9270302155220947
behavior_gated,PRIMARY,3.0,,15030,0.9026477752103531,34.38347468014777,-425814.51759892865,-0.7437552367830855,0.026737967914438502,0.8639708237070467
behavior_gated,PRIMARY,,regular,4049,0.7224530282705286,76.97151238674492,-192423.29522767707,-0.446056083388845,0.1974156496769562,0.6703277859385639
behavior_gated,PRIMARY,,intermittent,34051,0.9224254117863193,21.833921647615192,-582564.6478599735,-0.7227927157923992,0.026141414141414143,0.8797725579987269
behavior_gated,PRIMARY,,very_sparse,6189,1.0081229703276722,9.039193143932694,-50330.383949351395,-0.9069714260111472,0.004921618665694495,0.983090645942727
