forecast_origin,model,universe,horizon,segment,n_rows,wape,mae,bias,bias_ratio,zero_false_positive_rate,positive_wape
2025-01-01,lightgbm_reference,ROLLING_PRIMARY_SAME_ROWS,,,22201,0.9975650673666082,60.446119613566836,-529151.3479533589,-0.393350925551559,1.0,0.7860335943598425
2025-01-01,lightgbm_reference,ROLLING_PRIMARY_SAME_ROWS,1.0,,7410,1.0356702215280664,51.15457971881256,-120263.32765325326,-0.32858821020979767,1.0,0.7785059651130655
2025-01-01,lightgbm_reference,ROLLING_PRIMARY_SAME_ROWS,2.0,,7397,0.9938158231072318,61.811727390191535,-179254.56812390737,-0.3896275340987837,1.0,0.7850355475558337
2025-01-01,lightgbm_reference,ROLLING_PRIMARY_SAME_ROWS,3.0,,7394,0.9740245834678574,68.39160377591962,-229633.4521761982,-0.4423060081642074,1.0,0.7922247475076529
2025-01-01,soft_two_part_expected,ROLLING_PRIMARY_SAME_ROWS,,,22201,1.0127110572042595,61.363870588758196,-436658.7081511477,-0.3245954256107111,1.0,0.7772220863178796
2025-01-01,soft_two_part_expected,ROLLING_PRIMARY_SAME_ROWS,1.0,,7410,1.071521128202365,52.92535387581811,-78959.53842138106,-0.21573636714659383,1.0,0.767952783419066
2025-01-01,soft_two_part_expected,ROLLING_PRIMARY_SAME_ROWS,2.0,,7397,1.009153388477549,62.76566813802062,-146359.3557513475,-0.3181265363026394,1.0,0.7800652672507594
2025-01-01,soft_two_part_expected,ROLLING_PRIMARY_SAME_ROWS,3.0,,7394,0.9744045205723227,68.41828124212468,-211339.8139784192,-0.4070699133819396,1.0,0.781237150233502
2025-02-01,lightgbm_reference,ROLLING_PRIMARY_SAME_ROWS,,,23690,0.9537651524201175,61.44678293745851,-511743.2134415461,-0.33529674052949154,1.0,0.7323894281388247
2025-02-01,lightgbm_reference,ROLLING_PRIMARY_SAME_ROWS,1.0,,7911,0.9382832320091833,63.28679006797659,-153878.2681856763,-0.2883810985720783,1.0,0.720588024685315
2025-02-01,lightgbm_reference,ROLLING_PRIMARY_SAME_ROWS,2.0,,7904,0.8927398206754855,66.54174501575342,-233672.44637120466,-0.3966352375889363,1.0,0.7221206748437877
2025-02-01,lightgbm_reference,ROLLING_PRIMARY_SAME_ROWS,3.0,,7875,1.0633371324750864,54.48463986744304,-124192.49888466515,-0.30778092358407494,1.0,0.7629881023539855
2025-02-01,soft_two_part_expected,ROLLING_PRIMARY_SAME_ROWS,,,23690,0.9636233625032151,62.08190290760095,-420281.2075784055,-0.27537037190808683,1.0,0.7222182015260693
2025-02-01,soft_two_part_expected,ROLLING_PRIMARY_SAME_ROWS,1.0,,7911,0.9436615738019243,63.6495568491991,-93231.27599295761,-0.17472342332111346,1.0,0.697085872791025
2025-02-01,soft_two_part_expected,ROLLING_PRIMARY_SAME_ROWS,2.0,,7904,0.9079316033274906,67.67408806145691,-217181.2701953276,-0.3686431414637081,1.0,0.7209121247639874
2025-02-01,soft_two_part_expected,ROLLING_PRIMARY_SAME_ROWS,3.0,,7875,1.07133224875548,54.89430395038691,-109868.66139012031,-0.27228277375271204,1.0,0.7573596477596107
2025-03-01,lightgbm_reference,ROLLING_PRIMARY_SAME_ROWS,,,26773,0.9850746350216614,59.86701851505195,-350024.88751687173,-0.21512128979918563,1.0,0.7120310074840349
2025-03-01,lightgbm_reference,ROLLING_PRIMARY_SAME_ROWS,1.0,,8952,0.8634430633144685,68.24671526798319,-204565.09717150382,-0.2891102001256753,1.0,0.6835568585790389
2025-03-01,lightgbm_reference,ROLLING_PRIMARY_SAME_ROWS,2.0,,8918,1.0896003436891286,58.68986612841294,-49097.27557564359,-0.10221015297845898,1.0,0.7322121260005536
2025-03-01,lightgbm_reference,ROLLING_PRIMARY_SAME_ROWS,3.0,,8903,1.0667107885696216,52.62033758186157,-96362.51476972431,-0.21941423976674643,1.0,0.7358327539760471
2025-03-01,soft_two_part_expected,ROLLING_PRIMARY_SAME_ROWS,,,26773,0.9768846695017963,59.36928078028161,-303550.2648761646,-0.1865585186307571,1.0,0.6982996098745519
2025-03-01,soft_two_part_expected,ROLLING_PRIMARY_SAME_ROWS,1.0,,8952,0.8376258957516248,66.20612109501744,-174890.48031223338,-0.2471713037183193,1.0,0.6564580167901078
2025-03-01,soft_two_part_expected,ROLLING_PRIMARY_SAME_ROWS,2.0,,8918,1.0834291314823508,58.357462031476324,-40364.49530307471,-0.08403034977916846,1.0,0.7256656610863071
2025-03-01,soft_two_part_expected,ROLLING_PRIMARY_SAME_ROWS,3.0,,8903,1.0847121377631754,53.50833560498455,-88295.28926085647,-0.201045435711715,1.0,0.7357792043263601
2025-04-01,lightgbm_reference,ROLLING_PRIMARY_SAME_ROWS,,,30075,1.0919674357095273,56.59647576576487,-12962.41800416306,-0.008315735833927255,1.0,0.7212669119715249
2025-04-01,lightgbm_reference,ROLLING_PRIMARY_SAME_ROWS,1.0,,10025,1.1307157590397023,62.26448123836045,114220.28439731344,0.2069054483353173,1.0,0.7174263566157997
2025-04-01,lightgbm_reference,ROLLING_PRIMARY_SAME_ROWS,2.0,,10017,1.0654031706768652,54.30976207917212,-40539.490411898034,-0.07939199151105643,1.0,0.7091596792250814
2025-04-01,lightgbm_reference,ROLLING_PRIMARY_SAME_ROWS,3.0,,10033,1.076192309800796,53.216056762060006,-86643.2119895785,-0.17464289631195953,1.0,0.7380016783581085
2025-04-01,soft_two_part_expected,ROLLING_PRIMARY_SAME_ROWS,,,30075,1.0935170552417453,56.676792267368555,33623.61378913587,0.02157044233279999,1.0,0.7167576950548865
2025-04-01,soft_two_part_expected,ROLLING_PRIMARY_SAME_ROWS,1.0,,10025,1.117028104699261,61.51075096612883,133274.2304151646,0.24142090471141048,1.0,0.7157803575744308
2025-04-01,soft_two_part_expected,ROLLING_PRIMARY_SAME_ROWS,2.0,,10017,1.0792965402617318,55.017987488481474,-25369.223142003393,-0.04968274459959425,1.0,0.7073054887352695
2025-04-01,soft_two_part_expected,ROLLING_PRIMARY_SAME_ROWS,3.0,,10033,1.0819920991401715,53.50284743681341,-74281.39348402534,-0.1497257246384041,1.0,0.7275738207912659
2025-05-01,lightgbm_reference,ROLLING_PRIMARY_SAME_ROWS,,,33554,0.9992813161436599,48.032146846315676,-262077.23497309233,-0.16249528614113584,1.0,0.7155083804946603
2025-05-01,lightgbm_reference,ROLLING_PRIMARY_SAME_ROWS,1.0,,11191,0.9598532696264592,50.48257483941895,-80164.1160808579,-0.1361991707310946,1.0,0.6968919440082584
2025-05-01,lightgbm_reference,ROLLING_PRIMARY_SAME_ROWS,2.0,,11189,0.9740743576742604,49.77236686103184,-142063.21068559837,-0.24848156234594593,1.0,0.7206006719188521
2025-05-01,lightgbm_reference,ROLLING_PRIMARY_SAME_ROWS,3.0,,11174,1.0824105872871885,43.835434709616365,-39849.90820663604,-0.08806135671292835,1.0,0.733288354448397
2025-05-01,soft_two_part_expected,ROLLING_PRIMARY_SAME_ROWS,,,33554,0.9873969785007238,47.46090605394342,-302574.8682818358,-0.18760496235249663,1.0,0.7113973376869385
2025-05-01,soft_two_part_expected,ROLLING_PRIMARY_SAME_ROWS,1.0,,11191,0.935443611102202,49.198771937195126,-92972.33506318057,-0.15796038870766463,1.0,0.6885265047446523
2025-05-01,soft_two_part_expected,ROLLING_PRIMARY_SAME_ROWS,2.0,,11189,0.9788173166027349,50.01471826874006,-146885.44991421973,-0.25691610026572853,1.0,0.7243055459484902
2025-05-01,soft_two_part_expected,ROLLING_PRIMARY_SAME_ROWS,3.0,,11174,1.065810275791644,43.16315574332687,-62717.08330443551,-0.13859383103789996,1.0,0.7248360978556018
2025-06-01,lightgbm_reference,ROLLING_PRIMARY_SAME_ROWS,,,35700,1.0257213459994965,41.96843671631698,-157506.71567699406,-0.10782946755181967,1.0,0.7177620055818802
2025-06-01,lightgbm_reference,ROLLING_PRIMARY_SAME_ROWS,1.0,,11907,0.9207827872600315,46.645980613229646,-101109.69217800302,-0.1676229190316386,1.0,0.6939806225576393
2025-06-01,lightgbm_reference,ROLLING_PRIMARY_SAME_ROWS,2.0,,11895,1.032336529110606,42.0781271854798,-55912.24257309978,-0.115320723486929,1.0,0.7184882128549341
2025-06-01,lightgbm_reference,ROLLING_PRIMARY_SAME_ROWS,3.0,,11898,1.18696963836647,37.17769177504693,-484.78092589128573,-0.0013008545697421549,1.0,0.7553100171904337
2025-06-01,soft_two_part_expected,ROLLING_PRIMARY_SAME_ROWS,,,35700,1.0037847708918377,41.0708793360702,-201126.52967010945,-0.13769169467890116,1.0,0.7149270065112147
2025-06-01,soft_two_part_expected,ROLLING_PRIMARY_SAME_ROWS,1.0,,11907,0.897306928252165,45.45671591442006,-117877.15410593213,-0.19542055991618684,1.0,0.6913081888542513
2025-06-01,soft_two_part_expected,ROLLING_PRIMARY_SAME_ROWS,2.0,,11895,0.9999711953514442,40.758913351700414,-73079.55939793873,-0.150728843523993,1.0,0.7111042560892625
2025-06-01,soft_two_part_expected,ROLLING_PRIMARY_SAME_ROWS,3.0,,11898,1.1810925520280593,36.99361250514625,-10169.81616623859,-0.027289546941159717,1.0,0.7581301565886512
2025-07-01,lightgbm_reference,ROLLING_PRIMARY_SAME_ROWS,,,37974,1.0929618958170984,38.67504037936539,-4287.017116551404,-0.003190385163051662,1.0,0.7238358189782729
2025-07-01,lightgbm_reference,ROLLING_PRIMARY_SAME_ROWS,1.0,,12641,1.00045536328556,42.977848154459956,-22396.101298405036,-0.0412424105789086,1.0,0.7052584938545998
2025-07-01,lightgbm_reference,ROLLING_PRIMARY_SAME_ROWS,2.0,,12636,1.172149960558416,37.98524022069005,25008.84959036525,0.06107344208088584,1.0,0.7421671562964657
2025-07-01,lightgbm_reference,ROLLING_PRIMARY_SAME_ROWS,3.0,,12697,1.1384820490604746,35.07769626028618,-6899.765408511608,-0.01763714679265405,1.0,0.7304351114485995
2025-07-01,soft_two_part_expected,ROLLING_PRIMARY_SAME_ROWS,,,37974,1.0759062934266153,38.0715187802403,12409.21553956897,0.0092349006468158,1.0,0.7118856875614111
2025-07-01,soft_two_part_expected,ROLLING_PRIMARY_SAME_ROWS,1.0,,12641,0.9711489155865652,41.718893377089735,-13738.942575538375,-0.025300256641576927,1.0,0.6861709376681373
2025-07-01,soft_two_part_expected,ROLLING_PRIMARY_SAME_ROWS,2.0,,12636,1.1484341284968866,37.216693867234085,27155.63263187557,0.06631604347573047,1.0,0.7363577361624906
2025-07-01,soft_two_part_expected,ROLLING_PRIMARY_SAME_ROWS,3.0,,12697,1.145403381587184,35.290948985956035,-1007.4745167682304,-0.002575301461724992,1.0,0.7219648002408795
2025-08-01,lightgbm_reference,ROLLING_PRIMARY_SAME_ROWS,,,39699,1.1140976819463557,34.87844622202382,42349.44535812775,0.03407487729956959,1.0,0.7315368994399005
2025-08-01,lightgbm_reference,ROLLING_PRIMARY_SAME_ROWS,1.0,,13187,1.1257102144345528,37.41024259689436,48541.472472663394,0.1107651199960446,1.0,0.7457406198371601
2025-08-01,lightgbm_reference,ROLLING_PRIMARY_SAME_ROWS,2.0,,13250,1.106994838713866,34.96900783793341,6983.250615726796,0.016684148075869976,1.0,0.7249946380880838
2025-08-01,lightgbm_reference,ROLLING_PRIMARY_SAME_ROWS,3.0,,13262,1.1086161030073622,32.27048813076911,-13175.27773026244,-0.03412922315692789,1.0,0.7225059777622164
2025-08-01,soft_two_part_expected,ROLLING_PRIMARY_SAME_ROWS,,,39699,1.0975521871390652,34.36046547383244,62594.15610893904,0.05036401707378809,1.0,0.726380429771865
2025-08-01,soft_two_part_expected,ROLLING_PRIMARY_SAME_ROWS,1.0,,13187,1.1131674427857563,36.993414070154365,40161.81386410641,0.09164386462363262,1.0,0.7537749421603894
2025-08-01,soft_two_part_expected,ROLLING_PRIMARY_SAME_ROWS,2.0,,13250,1.0737919524321649,33.920157427776324,24615.97652763898,0.05881166522856123,1.0,0.7031022767721585
2025-08-01,soft_two_part_expected,ROLLING_PRIMARY_SAME_ROWS,3.0,,13262,1.1055870668241599,32.18231651217856,-2183.6342828063553,-0.005656483548717709,1.0,0.7205206829387435
2025-09-01,lightgbm_reference,ROLLING_PRIMARY_SAME_ROWS,,,40959,1.001449583835987,34.80740658408492,-248489.681649824,-0.17454862776169802,1.0,0.7211466480065218
2025-09-01,lightgbm_reference,ROLLING_PRIMARY_SAME_ROWS,1.0,,13631,1.0318914962973047,33.49826086541172,-20658.276697764253,-0.04668508410019322,1.0,0.7153956098673152
2025-09-01,lightgbm_reference,ROLLING_PRIMARY_SAME_ROWS,2.0,,13655,1.063691930640586,31.502266721877216,-31346.26572939386,-0.0775118614802965,1.0,0.7190002847862762
2025-09-01,lightgbm_reference,ROLLING_PRIMARY_SAME_ROWS,3.0,,13673,0.9344450188781775,39.413319705541824,-196485.13922266586,-0.34070352922320024,1.0,0.727064504313239
2025-09-01,soft_two_part_expected,ROLLING_PRIMARY_SAME_ROWS,,,40959,1.002233604873216,34.834656821594415,-213122.62399880437,-0.14970545785634226,1.0,0.7150423804479177
2025-09-01,soft_two_part_expected,ROLLING_PRIMARY_SAME_ROWS,1.0,,13631,1.0449582336569876,33.92244594524338,-3055.2654150843628,-0.006904512169065001,1.0,0.7127048794409165
2025-09-01,soft_two_part_expected,ROLLING_PRIMARY_SAME_ROWS,2.0,,13655,1.0502532603694632,31.10426748631535,-30729.97617491257,-0.07598792395641106,1.0,0.711426374813667
2025-09-01,soft_two_part_expected,ROLLING_PRIMARY_SAME_ROWS,3.0,,13673,0.9357780337638234,39.469544032065905,-179337.38240880743,-0.3109694674623157,1.0,0.7193716107975272
2025-10-01,lightgbm_reference,ROLLING_PRIMARY_SAME_ROWS,,,42632,0.9193621941727773,34.42564459473063,-542348.9267280531,-0.33974074733994913,1.0,0.724170380529208
2025-10-01,lightgbm_reference,ROLLING_PRIMARY_SAME_ROWS,1.0,,14222,1.0117973921063441,30.81698163209845,-28338.301641089885,-0.0654209129790609,1.0,0.7074945875866134
2025-10-01,lightgbm_reference,ROLLING_PRIMARY_SAME_ROWS,2.0,,14242,0.8897665770435051,38.53809264936438,-222618.45356911275,-0.360891000011255,1.0,0.7104414813926754
2025-10-01,lightgbm_reference,ROLLING_PRIMARY_SAME_ROWS,3.0,,14168,0.8794896211712314,33.91413411057343,-291392.1715178506,-0.5333586185506134,1.0,0.75289310594451
2025-10-01,soft_two_part_expected,ROLLING_PRIMARY_SAME_ROWS,,,42632,0.9239731796746876,34.598303584980975,-525963.4893067142,-0.32947650511382043,1.0,0.7209423277530722
2025-10-01,soft_two_part_expected,ROLLING_PRIMARY_SAME_ROWS,1.0,,14222,1.010043344469136,30.763557444371354,-30522.978969501066,-0.07046439043227846,1.0,0.7018468162505948
2025-10-01,soft_two_part_expected,ROLLING_PRIMARY_SAME_ROWS,2.0,,14242,0.8963548934334749,38.82344967893907,-220419.63344879186,-0.35732645098423055,1.0,0.711289195763862
2025-10-01,soft_two_part_expected,ROLLING_PRIMARY_SAME_ROWS,3.0,,14168,0.8869146376199573,34.20045130813167,-275020.8768884212,-0.5033929161710536,1.0,0.7469816741215163
2025-11-01,lightgbm_reference,ROLLING_PRIMARY_SAME_ROWS,,,43300,0.9486342367066608,29.39278136360559,-461456.0002354617,-0.34395411639109985,1.0,0.7342416472041099
2025-11-01,lightgbm_reference,ROLLING_PRIMARY_SAME_ROWS,1.0,,14573,0.875320634336112,37.97190765323546,-219638.08741229615,-0.3474268980048882,1.0,0.7048472194051714
2025-11-01,lightgbm_reference,ROLLING_PRIMARY_SAME_ROWS,2.0,,14509,0.8779352718484313,34.17108269568143,-310418.0946328235,-0.5496842662915281,1.0,0.7604843772356449
2025-11-01,lightgbm_reference,ROLLING_PRIMARY_SAME_ROWS,3.0,,14218,1.5447915333054838,15.723349555625244,68600.18180965801,0.4740362651269375,1.0,0.7602438088015042
2025-11-01,soft_two_part_expected,ROLLING_PRIMARY_SAME_ROWS,,,43300,0.9436003080514891,29.236808535895804,-437199.78522139543,-0.32587433197417043,1.0,0.7267280434479908
2025-11-01,soft_two_part_expected,ROLLING_PRIMARY_SAME_ROWS,1.0,,14573,0.8695441248782048,37.721319382961155,-198608.42156551598,-0.31416184977347134,1.0,0.6948973182280394
2025-11-01,soft_two_part_expected,ROLLING_PRIMARY_SAME_ROWS,2.0,,14509,0.8711285689466243,33.90615153822505,-310002.8316755962,-0.5489489241258869,1.0,0.7552981176526038
2025-11-01,soft_two_part_expected,ROLLING_PRIMARY_SAME_ROWS,3.0,,14218,1.5499194421609088,15.775542943331551,71411.46801971672,0.49346262202664287,1.0,0.7542911436308776
2025-12-01,lightgbm_reference,ROLLING_PRIMARY_SAME_ROWS,,,44289,1.0124347010841472,29.554713579445117,-296830.04745690577,-0.22958962267826402,1.0,0.7393903615964779
2025-12-01,lightgbm_reference,ROLLING_PRIMARY_SAME_ROWS,1.0,,14775,0.857244612062319,33.26094763876642,-192270.1021784121,-0.3353933235646751,1.0,0.6964419987345258
2025-12-01,lightgbm_reference,ROLLING_PRIMARY_SAME_ROWS,2.0,,14484,1.7421105034073545,17.691130959318958,121911.66437029089,0.8288517257488773,1.0,0.8086790320474689
2025-12-01,lightgbm_reference,ROLLING_PRIMARY_SAME_ROWS,3.0,,15030,0.9803677975555656,37.34396989637359,-226471.60964878456,-0.39556999279585403,1.0,0.7645939962684036
2025-12-01,soft_two_part_expected,ROLLING_PRIMARY_SAME_ROWS,,,44289,0.976310160924761,28.50017600141016,-340847.18116102467,-0.26363562713465094,1.0,0.734593606050702
2025-12-01,soft_two_part_expected,ROLLING_PRIMARY_SAME_ROWS,1.0,,14775,0.8281585269177195,32.13241239760133,-194819.51695816324,-0.33984048766579056,1.0,0.6903676524608595
2025-12-01,soft_two_part_expected,ROLLING_PRIMARY_SAME_ROWS,2.0,,14484,1.6545875447880574,16.802335374967335,113646.08482410846,0.7726557915324509,1.0,0.7937107862833033
2025-12-01,soft_two_part_expected,ROLLING_PRIMARY_SAME_ROWS,3.0,,15030,0.9504002843655354,36.20245350504778,-259673.74902696992,-0.4535630015222183,1.0,0.7636896396397994
