forecast_origin,model,level,n_units,wape_3m,mae_3m,bias_3m,bias_ratio_3m,actual_sum_m2,forecast_sum_m2
2025-01-01,lightgbm_reference,PAIR,7263,0.8316833001320224,151.69041824099648,-524216.5477053687,-0.3957259352594151,1324695.96,800479.4122946314
2025-01-01,soft_two_part_expected,PAIR,7263,0.8327148197715764,151.87855673737232,-433344.2393764276,-0.327127320125916,1324695.96,891351.7206235726
2025-01-01,lightgbm_reference,BASE_SKU,769,0.625137856186687,1076.875933073557,-524216.5477053688,-0.39572593525941513,1324695.96,800479.4122946314
2025-01-01,soft_two_part_expected,BASE_SKU,769,0.6170745519059438,1062.9859114806425,-433344.2393764276,-0.327127320125916,1324695.96,891351.7206235725
2025-01-01,lightgbm_reference,BRANCH,42,0.4405729928919174,13895.839613548374,-524216.5477053688,-0.39572593525941513,1324695.96,800479.4122946314
2025-01-01,soft_two_part_expected,BRANCH,42,0.38581925016630775,12168.88576156041,-433344.23937642755,-0.32712732012591594,1324695.96,891351.7206235725
2025-01-01,lightgbm_reference,PORTFOLIO,1,0.3957259352594151,524216.5477053687,-524216.5477053687,-0.3957259352594151,1324695.96,800479.4122946312
2025-01-01,soft_two_part_expected,PORTFOLIO,1,0.327127320125916,433344.2393764276,-433344.2393764276,-0.327127320125916,1324695.96,891351.7206235724
2025-02-01,lightgbm_reference,PAIR,7718,0.7579213222762186,145.0511761147253,-485617.1880417206,-0.32876997312117645,1477072.81,991455.6219582794
2025-02-01,soft_two_part_expected,PAIR,7718,0.75640143286689,144.76029929162004,-394688.72727352526,-0.2672100688614837,1477072.81,1082384.0827264749
2025-02-01,lightgbm_reference,BASE_SKU,843,0.5295592154229439,927.8736872908223,-485617.1880417207,-0.32876997312117656,1477072.81,991455.6219582795
2025-02-01,soft_two_part_expected,BASE_SKU,843,0.5153901319119676,903.0471534869286,-394688.7272735253,-0.26721006886148374,1477072.81,1082384.0827264749
2025-02-01,lightgbm_reference,BRANCH,51,0.3773597459945321,10929.17294896137,-485617.18804172066,-0.32876997312117645,1477072.8100000003,991455.6219582794
2025-02-01,soft_two_part_expected,BRANCH,51,0.336396590090805,9742.789345094972,-394688.7272735254,-0.26721006886148374,1477072.8100000003,1082384.0827264746
2025-02-01,lightgbm_reference,PORTFOLIO,1,0.3287699731211765,485617.18804172066,-485617.18804172066,-0.3287699731211765,1477072.81,991455.6219582794
2025-02-01,soft_two_part_expected,PORTFOLIO,1,0.26721006886148385,394688.72727352544,-394688.72727352544,-0.26721006886148385,1477072.81,1082384.0827264746
2025-03-01,lightgbm_reference,PAIR,8668,0.7561205553689864,136.06591595923905,-319464.6696833345,-0.2048073923061877,1559829.7800000003,1240365.1103166656
2025-03-01,soft_two_part_expected,PAIR,8668,0.7452052973309446,134.10168608566707,-273525.9204131291,-0.17535626253598585,1559829.7800000003,1286303.859586871
2025-03-01,lightgbm_reference,BASE_SKU,916,0.4360009920805126,742.453418730052,-319464.6696833345,-0.20480739230618772,1559829.78,1240365.1103166654
2025-03-01,soft_two_part_expected,BASE_SKU,916,0.43118167890418335,734.2467503767937,-273525.9204131291,-0.17535626253598588,1559829.78,1286303.8595868708
2025-03-01,lightgbm_reference,BRANCH,52,0.3213813346758605,9640.388010837574,-319464.6696833345,-0.20480739230618772,1559829.78,1240365.1103166656
2025-03-01,soft_two_part_expected,BRANCH,52,0.30732995017111464,9218.892472361938,-273525.92041312915,-0.1753562625359859,1559829.78,1286303.8595868708
2025-03-01,lightgbm_reference,PORTFOLIO,1,0.20480739230618766,319464.6696833344,-319464.6696833344,-0.20480739230618766,1559829.78,1240365.1103166656
2025-03-01,soft_two_part_expected,PORTFOLIO,1,0.17535626253598582,273525.92041312903,-273525.92041312903,-0.17535626253598582,1559829.78,1286303.859586871
2025-04-01,lightgbm_reference,PAIR,9696,0.850119674823635,131.69350303882797,-12620.364248348684,-0.00840223840911622,1502024.0599999998,1489403.6957516512
2025-04-01,soft_two_part_expected,PAIR,9696,0.8416219411142037,130.3771044737456,33647.311978882746,0.02240131358407318,1502024.0599999998,1535671.371978883
2025-04-01,lightgbm_reference,BASE_SKU,1002,0.45262103858098385,678.4907085936387,-12620.364248348676,-0.008402238409116214,1502024.06,1489403.6957516514
2025-04-01,soft_two_part_expected,BASE_SKU,1002,0.4542322386108662,680.905939342497,33647.31197888277,0.02240131358407319,1502024.06,1535671.3719788827
2025-04-01,lightgbm_reference,BRANCH,54,0.333550298938724,9277.788411595478,-12620.364248348695,-0.008402238409116226,1502024.0599999998,1489403.6957516512
2025-04-01,soft_two_part_expected,BRANCH,54,0.30106747946625634,8374.270330405054,33647.31197888274,0.022401313584073174,1502024.0599999998,1535671.3719788827
2025-04-01,lightgbm_reference,PORTFOLIO,1,0.008402238409116185,12620.364248348633,-12620.364248348633,-0.008402238409116185,1502024.06,1489403.6957516514
2025-04-01,soft_two_part_expected,PORTFOLIO,1,0.02240131358407311,33647.311978882644,33647.311978882644,0.02240131358407311,1502024.06,1535671.3719788827
2025-05-01,lightgbm_reference,PAIR,10769,0.7810342602406489,111.8980829387649,-249656.8422072766,-0.1618137917022714,1542865.04,1293208.1977927235
2025-05-01,soft_two_part_expected,PAIR,10769,0.7731463948855919,110.7679954936405,-285648.996518875,-0.18514192046173722,1542865.04,1257216.043481125
2025-05-01,lightgbm_reference,BASE_SKU,1045,0.43773024559179907,646.2762611236373,-249656.8422072766,-0.1618137917022714,1542865.04,1293208.1977927233
2025-05-01,soft_two_part_expected,BASE_SKU,1045,0.44332206502640387,654.53216802856,-285648.996518875,-0.18514192046173722,1542865.04,1257216.043481125
2025-05-01,lightgbm_reference,BRANCH,57,0.2884734515999472,7808.34392002966,-249656.84220727658,-0.16181379170227136,1542865.04,1293208.1977927235
2025-05-01,soft_two_part_expected,BRANCH,57,0.29988979413037636,8117.359284500963,-285648.996518875,-0.18514192046173722,1542865.04,1257216.0434811248
2025-05-01,lightgbm_reference,PORTFOLIO,1,0.16181379170227145,249656.84220727673,-249656.84220727673,-0.16181379170227145,1542865.04,1293208.1977927233
2025-05-01,soft_two_part_expected,PORTFOLIO,1,0.18514192046173722,285648.996518875,-285648.996518875,-0.18514192046173722,1542865.04,1257216.043481125
2025-06-01,lightgbm_reference,PAIR,11443,0.7776485688744204,94.68928691604323,-152995.4834809107,-0.10980477933949796,1393340.8399999999,1240345.356519089
2025-06-01,soft_two_part_expected,PAIR,11443,0.7582924803271112,92.33241995146906,-194229.85357994348,-0.1393986654262883,1393340.8399999999,1199110.9864200563
2025-06-01,lightgbm_reference,BASE_SKU,1084,0.41037689047024617,527.4860528453881,-152995.4834809107,-0.10980477933949796,1393340.8399999999,1240345.356519089
2025-06-01,soft_two_part_expected,BASE_SKU,1084,0.40369232104806263,518.8939093271746,-194229.8535799435,-0.13939866542628832,1393340.8399999999,1199110.9864200565
2025-06-01,lightgbm_reference,BRANCH,57,0.2477605398811797,6056.401381699937,-152995.48348091065,-0.1098047793394979,1393340.84,1240345.3565190895
2025-06-01,soft_two_part_expected,BRANCH,57,0.24707630899235786,6039.675647640552,-194229.85357994345,-0.13939866542628826,1393340.84,1199110.9864200563
2025-06-01,lightgbm_reference,PORTFOLIO,1,0.10980477933949798,152995.48348091077,-152995.48348091077,-0.10980477933949798,1393340.84,1240345.3565190893
2025-06-01,soft_two_part_expected,PORTFOLIO,1,0.13939866542628832,194229.85357994353,-194229.85357994353,-0.13939866542628832,1393340.84,1199110.9864200565
2025-07-01,lightgbm_reference,PAIR,12194,0.8213082801951215,86.29647276877002,-5040.834227265281,-0.003934317286802205,1281247.51,1276206.6757727347
2025-07-01,soft_two_part_expected,PAIR,12194,0.7954279685042903,83.57717763084143,13043.585046379849,0.01018037884528638,1281247.51,1294291.0950463798
2025-07-01,lightgbm_reference,BASE_SKU,1140,0.42516443244500907,477.84286878134304,-5040.834227265281,-0.003934317286802205,1281247.51,1276206.6757727347
2025-07-01,soft_two_part_expected,BASE_SKU,1140,0.39672099050118786,445.875246705597,13043.585046379849,0.01018037884528638,1281247.51,1294291.0950463798
2025-07-01,lightgbm_reference,BRANCH,57,0.23088797309159043,5189.905975658723,-5040.8342272653135,-0.00393431728680223,1281247.51,1276206.6757727345
2025-07-01,soft_two_part_expected,BRANCH,57,0.19985389532373804,4492.321153462105,13043.585046379856,0.010180378845286385,1281247.51,1294291.0950463798
2025-07-01,lightgbm_reference,PORTFOLIO,1,0.003934317286802239,5040.834227265324,-5040.834227265324,-0.003934317286802239,1281247.51,1276206.6757727347
2025-07-01,soft_two_part_expected,PORTFOLIO,1,0.010180378845286362,13043.585046379827,13043.585046379827,0.010180378845286362,1281247.51,1294291.0950463798
2025-08-01,lightgbm_reference,PAIR,12782,0.8287527151666051,76.81082327437909,39832.27578538387,0.03362318508304441,1184666.94,1224499.215785384
2025-08-01,soft_two_part_expected,PAIR,12782,0.8137396653554956,75.41937719553425,60261.2837123483,0.05086770102012664,1184666.94,1244928.2237123484
2025-08-01,lightgbm_reference,BASE_SKU,1169,0.4106920981560633,416.19619435818913,39832.275785383856,0.033623185083044405,1184666.94,1224499.2157853837
2025-08-01,soft_two_part_expected,BASE_SKU,1169,0.396905353939685,402.2246801722357,60261.28371234832,0.05086770102012665,1184666.94,1244928.2237123484
2025-08-01,lightgbm_reference,BRANCH,57,0.20931536324744204,4350.333173216414,39832.27578538385,0.0336231850830444,1184666.94,1224499.215785384
2025-08-01,soft_two_part_expected,BRANCH,57,0.19110885749511544,3971.935884484815,60261.283712348275,0.05086770102012662,1184666.94,1244928.2237123484
2025-08-01,lightgbm_reference,PORTFOLIO,1,0.03362318508304452,39832.275785384,39832.275785384,0.03362318508304452,1184666.94,1224499.215785384
2025-08-01,soft_two_part_expected,PORTFOLIO,1,0.05086770102012675,60261.283712348435,60261.283712348435,0.05086770102012675,1184666.94,1244928.2237123484
2025-09-01,lightgbm_reference,PAIR,13242,0.752525384248377,77.83570029406863,-243472.25193721362,-0.17776170458749646,1369655.25,1126182.9980627866
2025-09-01,soft_two_part_expected,PAIR,13242,0.7499379031976185,77.56807025287797,-207428.38299097482,-0.15144568897244384,1369655.25,1162226.8670090253
2025-09-01,lightgbm_reference,BASE_SKU,1206,0.39394116103878923,447.39931957535083,-243472.2519372136,-0.17776170458749643,1369655.25,1126182.9980627864
2025-09-01,soft_two_part_expected,BASE_SKU,1206,0.3892262586357101,442.0446008111593,-207428.38299097482,-0.15144568897244384,1369655.25,1162226.867009025
2025-09-01,lightgbm_reference,BRANCH,57,0.2551432036004811,6130.846110758209,-243472.25193721356,-0.17776170458749638,1369655.2500000002,1126182.9980627864
2025-09-01,soft_two_part_expected,BRANCH,57,0.22947362208281835,5514.030723197336,-207428.38299097482,-0.15144568897244381,1369655.2500000002,1162226.867009025
2025-09-01,lightgbm_reference,PORTFOLIO,1,0.17776170458749643,243472.2519372136,-243472.2519372136,-0.17776170458749643,1369655.25,1126182.9980627864
2025-09-01,soft_two_part_expected,PORTFOLIO,1,0.15144568897244376,207428.3829909747,-207428.3829909747,-0.15144568897244376,1369655.25,1162226.8670090253
2025-10-01,lightgbm_reference,PAIR,13761,0.7065095180010595,78.11922409904176,-511242.0354406917,-0.33599797213812893,1521562.8599999999,1010320.8245593084
2025-10-01,soft_two_part_expected,PAIR,13761,0.7103054823640235,78.53894638612623,-495009.78799548984,-0.32532983093152645,1521562.8599999999,1026553.0720045101
2025-10-01,lightgbm_reference,BASE_SKU,1217,0.422817425047915,528.6304770038957,-511242.03544069163,-0.3359979721381289,1521562.8599999999,1010320.8245593084
2025-10-01,soft_two_part_expected,BASE_SKU,1217,0.4157875514233678,519.8413277700382,-495009.7879954898,-0.32532983093152645,1521562.8599999999,1026553.0720045101
2025-10-01,lightgbm_reference,BRANCH,57,0.35839365336910983,9566.990740809673,-511242.03544069175,-0.33599797213812893,1521562.8599999999,1010320.8245593084
2025-10-01,soft_two_part_expected,BRANCH,57,0.3508585073671502,9365.846910963019,-495009.78799548984,-0.32532983093152645,1521562.8599999999,1026553.0720045102
2025-10-01,lightgbm_reference,PORTFOLIO,1,0.3359979721381289,511242.03544069175,-511242.03544069175,-0.3359979721381289,1521562.86,1010320.8245593084
2025-10-01,soft_two_part_expected,PORTFOLIO,1,0.32532983093152645,495009.7879954899,-495009.7879954899,-0.32532983093152645,1521562.86,1026553.0720045102
2025-11-01,lightgbm_reference,PAIR,13746,0.7317410648276071,64.02016363528385,-390981.1212277941,-0.32510234065430205,1202640.13,811659.0087722059
2025-11-01,soft_two_part_expected,PAIR,13746,0.7296001248935603,63.832852397061515,-367945.8972440944,-0.3059484612775182,1202640.13,834694.2327559056
2025-11-01,lightgbm_reference,BASE_SKU,1219,0.42345566764080844,417.772583413272,-390981.1212277941,-0.32510234065430205,1202640.13,811659.008772206
2025-11-01,soft_two_part_expected,BASE_SKU,1219,0.41174916221845237,406.2231878406814,-367945.8972440944,-0.3059484612775182,1202640.13,834694.2327559055
2025-11-01,lightgbm_reference,BRANCH,57,0.35166958045198354,7419.858771084542,-390981.1212277941,-0.32510234065430205,1202640.13,811659.0087722059
2025-11-01,soft_two_part_expected,BRANCH,57,0.33161208001155157,6996.66657920461,-367945.89724409435,-0.3059484612775181,1202640.13,834694.2327559056
2025-11-01,lightgbm_reference,PORTFOLIO,1,0.325102340654302,390981.121227794,-390981.121227794,-0.325102340654302,1202640.13,811659.0087722059
2025-11-01,soft_two_part_expected,PORTFOLIO,1,0.30594846127751807,367945.8972440943,-367945.8972440943,-0.30594846127751807,1202640.13,834694.2327559056
2025-12-01,lightgbm_reference,PAIR,14166,0.7435899349707734,62.57318383751722,-264711.314453268,-0.22206009257460524,1192070.6300000001,927359.3155467319
2025-12-01,soft_two_part_expected,PAIR,14166,0.7220566161988202,60.761152433135386,-303509.33978807775,-0.2546068430425785,1192070.6300000001,888561.2902119224
2025-12-01,lightgbm_reference,BASE_SKU,1227,0.39198437621887633,380.82564165394695,-264711.31445326796,-0.22206009257460524,1192070.63,927359.315546732
2025-12-01,soft_two_part_expected,BASE_SKU,1227,0.39470479544203685,383.4686179026976,-303509.3397880777,-0.2546068430425785,1192070.63,888561.2902119223
2025-12-01,lightgbm_reference,BRANCH,57,0.28175814230013807,5892.554494725531,-264711.31445326796,-0.22206009257460518,1192070.6300000001,927359.315546732
2025-12-01,soft_two_part_expected,BRANCH,57,0.2904093197962446,6073.481066796155,-303509.3397880777,-0.25460684304257847,1192070.6300000001,888561.2902119224
2025-12-01,lightgbm_reference,PORTFOLIO,1,0.22206009257460513,264711.31445326784,-264711.31445326784,-0.22206009257460513,1192070.63,927359.315546732
2025-12-01,soft_two_part_expected,PORTFOLIO,1,0.25460684304257847,303509.33978807763,-303509.33978807763,-0.25460684304257847,1192070.63,888561.2902119223
