threshold,wape,zero_false_positive_rate,mae,bias_ratio,forecast_origin,horizon
0.0,0.9414132743914638,1.0,57.0282606141139,-0.13548173849404158,2025-01-01,1
0.05,0.9404369677045432,0.9555579353180552,56.969118605289985,-0.13651887012485195,2025-01-01,1
0.1,0.9363754408788149,0.8045620047119297,56.72308233555651,-0.1418952832335476,2025-01-01,1
0.15,0.932329751744965,0.6983294067252088,56.47800547020424,-0.147757251015908,2025-01-01,1
0.2,0.9279000585452309,0.6173698864853288,56.209666680953255,-0.1543886901436958,2025-01-01,1
0.25,0.9230098169260258,0.5514028699935747,55.91342911864962,-0.1634231148567616,2025-01-01,1
0.3,0.9176607076324944,0.4883272649389591,55.58939459827165,-0.17433636971593844,2025-01-01,1
0.35,0.914123960120191,0.4333904476333262,55.37514803478621,-0.1871559026667878,2025-01-01,1
0.4,0.9074448925164201,0.3822017562647248,54.97054825026188,-0.2049086950611854,2025-01-01,1
0.45,0.9017432962553285,0.32865710002141785,54.62516102624575,-0.22482804200768108,2025-01-01,1
0.5,0.8965957966823804,0.281751981152281,54.313339475453546,-0.24934148484839277,2025-01-01,1
0.55,0.8905678821519015,0.2345255943456843,53.94818477649737,-0.27803293156062875,2025-01-01,1
0.6,0.8868951139356387,0.19522381666309702,53.725698448006135,-0.3122057986501087,2025-01-01,1
0.65,0.8827425897739171,0.1593488969800814,53.474149806678405,-0.3521781884382028,2025-01-01,1
0.7,0.8891143622745696,0.12508031698436495,53.86013448803521,-0.4067415069401487,2025-01-01,1
0.75,0.8956164864912205,0.09166845148854144,54.25401552249608,-0.4745992757267079,2025-01-01,1
0.8,0.9096064181805296,0.059006211180124224,55.1014876073435,-0.5651680599215045,2025-01-01,1
0.85,0.9243818470305719,0.028378667808952665,55.99654297788752,-0.682052256797902,2025-01-01,1
0.9,0.951406765983284,0.008460055686442492,57.633639206540984,-0.8163067672268373,2025-01-01,1
0.95,0.9970744125190608,0.0,60.400061264864924,-0.9912838848514034,2025-01-01,1
0.0,0.9463589630205171,1.0,57.479500914859635,-0.20373188844625964,2025-01-01,2
0.05,0.945619848695629,0.9601106755821996,57.434608940277386,-0.2045628242897688,2025-01-01,2
0.1,0.9423681964784466,0.8364076550611022,57.23711163334029,-0.20897374554785778,2025-01-01,2
0.15,0.9380247450678633,0.7162785335485359,56.97330114589964,-0.21540367800187726,2025-01-01,2
0.2,0.9332496088756582,0.6240488817154716,56.683271193361975,-0.22389935126466232,2025-01-01,2
0.25,0.92847180006292,0.549227576665898,56.3930789124686,-0.23366243005290485,2025-01-01,2
0.3,0.9231467181439318,0.4842056721235877,56.06964661775323,-0.2439994664522494,2025-01-01,2
0.35,0.919258491944821,0.42391053723772193,55.83348538284968,-0.2580786386053814,2025-01-01,2
0.4,0.9168952667644734,0.368457459073092,55.68994893502839,-0.2763628595722935,2025-01-01,2
0.45,0.9132033253019033,0.31531012220428867,55.46570954916354,-0.3000009941723101,2025-01-01,2
0.5,0.9083666115242984,0.2667742679271386,55.17193952651018,-0.3276827824333665,2025-01-01,2
0.55,0.9044592646432669,0.22354161863038968,54.934616948715714,-0.35832823432489413,2025-01-01,2
0.6,0.9022263020601705,0.18146183998155407,54.79899232861567,-0.39510646886079315,2025-01-01,2
0.65,0.8996017998516262,0.14445469218353701,54.63958656083429,-0.4416598997422566,2025-01-01,2
0.7,0.8977774252326156,0.10836984090385059,54.52877856230509,-0.49546038093600625,2025-01-01,2
0.75,0.8991371080547532,0.07459073091999077,54.611362331332366,-0.5658354325886027,2025-01-01,2
0.8,0.9131095766521562,0.04484666820382753,55.460015488231626,-0.6661678901851998,2025-01-01,2
0.85,0.9459200776043225,0.01648605026516025,57.45284410104222,-0.8037574719987629,2025-01-01,2
0.9,0.9848925327312964,0.003919760202905234,59.81993455789739,-0.9294603426931398,2025-01-01,2
0.95,1.0,0.0,60.73752472465723,-1.0,2025-01-01,2
0.0,0.9605574176322846,1.0,57.694868622218856,-0.2878163603655654,2025-01-01,3
0.05,0.9603995490604148,0.993100852985449,57.685386412882465,-0.28797422893743524,2025-01-01,3
0.1,0.9566868781156134,0.9010286001003512,57.46238874666711,-0.29224118281697725,2025-01-01,3
0.15,0.9507494415702635,0.7473657802308078,57.105762880114426,-0.30155680224760395,2025-01-01,3
0.2,0.9456439057407298,0.6290767686904165,56.79910425302573,-0.3118062725986329,2025-01-01,3
0.25,0.9418217001265339,0.5490466633216257,56.56952750237015,-0.3225335918226199,2025-01-01,3
0.3,0.9351964541489393,0.46600602107375816,56.171589087392924,-0.3367062591344176,2025-01-01,3
0.35,0.932108744794854,0.3913697942799799,55.98612908025804,-0.354178415425888,2025-01-01,3
0.4,0.9275763966664127,0.3285248369292524,55.7138983681522,-0.37559023091559246,2025-01-01,3
0.45,0.9226931015176236,0.27609131961866534,55.42058839325515,-0.4031405175657706,2025-01-01,3
0.5,0.9187107409185622,0.22829904666332163,55.181392102277044,-0.4350666700902797,2025-01-01,3
0.55,0.9165142328959167,0.18075765178123432,55.0494611635659,-0.47694720304860766,2025-01-01,3
0.6,0.9176206056384133,0.1361013547415956,55.11591427595025,-0.5337146740769064,2025-01-01,3
0.65,0.9254719186779439,0.0963371801304566,55.587495116421195,-0.6044977958524885,2025-01-01,3
0.7,0.9353332719335347,0.06485198193677873,56.17980690338447,-0.6755839604500242,2025-01-01,3
0.75,0.9445874784192277,0.03750627195183141,56.73565105969844,-0.7621559417263953,2025-01-01,3
0.8,0.9727906617018799,0.017059708981435023,58.4296455303589,-0.8669750277372237,2025-01-01,3
0.85,0.9897893817624959,0.0027596588058203713,59.45065572989551,-0.9542785627329375,2025-01-01,3
0.9,0.998808078395218,0.0,59.992354235177096,-0.9975903564666143,2025-01-01,3
0.95,1.0,0.0,60.06394574978472,-1.0,2025-01-01,3
0.0,1.001037633143244,1.0,54.67179460450591,-0.09814527803667314,2025-02-01,1
0.05,1.0004499914615232,0.9781595303867403,54.63970048110796,-0.09877832916885299,2025-02-01,1
0.1,0.9964838462941364,0.8722375690607734,54.42308897042763,-0.1039455836726414,2025-02-01,1
0.15,0.9900477567225782,0.7460290055248618,54.07158113949068,-0.11294490045629033,2025-02-01,1
0.2,0.9841099610220692,0.6500345303867403,53.74728769018007,-0.12199775675733583,2025-02-01,1
0.25,0.9792797307090005,0.57708908839779,53.483484061999434,-0.13258336505712373,2025-02-01,1
0.3,0.9730877950499728,0.5039709944751382,53.145310727304995,-0.14746490122384973,2025-02-01,1
0.35,0.965544944376567,0.4408667127071823,52.73335700139558,-0.1658367871551384,2025-02-01,1
0.4,0.9576863992677321,0.38622237569060774,52.3041615847044,-0.18755708807763452,2025-02-01,1
0.45,0.9474949453332674,0.33192334254143646,51.74755406289047,-0.21205887735749637,2025-02-01,1
0.5,0.9412874089166426,0.28159530386740333,51.40852869088317,-0.2412163412288213,2025-02-01,1
0.55,0.9328215690091523,0.23523825966850828,50.9461657933729,-0.27590831743615724,2025-02-01,1
0.6,0.9263452647358863,0.19337016574585636,50.59246163150986,-0.3137010128399422,2025-02-01,1
0.65,0.9222043530937198,0.15858080110497239,50.36630522811365,-0.3562599997486027,2025-02-01,1
0.7,0.9127830707839528,0.12206491712707182,49.85176072519291,-0.4065527857598506,2025-02-01,1
0.75,0.9095064089683653,0.08796616022099447,49.672805433364644,-0.47162727262956483,2025-02-01,1
0.8,0.9126956062919037,0.055248618784530384,49.84698384110167,-0.5676388388947853,2025-02-01,1
0.85,0.9396546815160656,0.02581146408839779,51.31935708121131,-0.6950535687878664,2025-02-01,1
0.9,0.9693183893934922,0.006301795580110498,52.939444169436356,-0.8465209747209492,2025-02-01,1
0.95,1.0,0.0,54.61512414157422,-1.0,2025-02-01,1
0.0,1.1077401491899312,1.0,60.41600405078171,-0.038113284862404985,2025-02-01,2
0.05,1.1077401491899312,1.0,60.41600405078171,-0.038113284862404985,2025-02-01,2
0.1,1.1065094779211166,0.9704491725768322,60.34888339941211,-0.0395183399558657,2025-02-01,2
0.15,1.100568064918312,0.873067830514639,60.024839504905536,-0.04687161625696947,2025-02-01,2
0.2,1.0934369378735203,0.7752318603382433,59.63590876086792,-0.05718126244064925,2025-02-01,2
0.25,1.0828356512932962,0.6612111292962357,59.05771596588554,-0.07319926987371682,2025-02-01,2
0.3,1.0725500762614655,0.5733769776322968,58.4967420378013,-0.08941214436092919,2025-02-01,2
0.35,1.066234845712124,0.5051827605019095,58.152310182794835,-0.10582934726722285,2025-02-01,2
0.4,1.0574181729154748,0.44389889070740135,57.67144999208466,-0.12625278506172105,2025-02-01,2
0.45,1.0480376753177194,0.38379705400981995,57.15983886985643,-0.15728324226620335,2025-02-01,2
0.5,1.0394320893720195,0.32978723404255317,56.69049132861675,-0.20010978072392566,2025-02-01,2
0.55,1.0276164762806328,0.27095835606473906,56.04606932322704,-0.25354259359985665,2025-02-01,2
0.6,1.0168794342174379,0.21312965993817057,55.460472441812406,-0.3166313592106874,2025-02-01,2
0.65,1.00464462655728,0.16193853427895982,54.79318761901603,-0.39177378847166167,2025-02-01,2
0.7,1.012977697010261,0.11356610292780506,55.24767220063105,-0.503432828278496,2025-02-01,2
0.75,1.0059918779493524,0.06937625022731406,54.86666653518638,-0.6275918270452806,2025-02-01,2
0.8,1.002816343143576,0.029914529914529916,54.693473278781006,-0.7772755099890566,2025-02-01,2
0.85,1.0065505259926137,0.0030914711765775596,54.89713512700309,-0.9718432861455197,2025-02-01,2
0.9,1.0,0.0,54.53987028904094,-1.0,2025-02-01,2
0.95,1.0,0.0,54.53987028904094,-1.0,2025-02-01,2
0.0,1.0854785576413037,1.0,59.16398338868478,-0.16433870741421494,2025-02-01,3
0.05,1.0854785576413037,1.0,59.16398338868478,-0.16433870741421494,2025-02-01,3
0.1,1.0846395606734232,0.9812722948870393,59.118253878579374,-0.16527016780341947,2025-02-01,3
0.15,1.077992827422205,0.8748513674197385,58.75597383822686,-0.17355262166765212,2025-02-01,3
0.2,1.069617197459647,0.7592152199762188,58.299460323071536,-0.186016864588791,2025-02-01,3
0.25,1.0601481849968397,0.6501189060642093,57.783352020320606,-0.20199348798625816,2025-02-01,3
0.3,1.0537686720831843,0.5687673404676972,57.43563681821514,-0.21730239462788972,2025-02-01,3
0.35,1.0460541722221421,0.487316686484344,57.01515818377533,-0.23823271739720353,2025-02-01,3
0.4,1.0372205295817114,0.4149821640903686,56.53368069832809,-0.2637395733209865,2025-02-01,3
0.45,1.0271291064505672,0.35315101070154575,55.98364791666121,-0.3000762401399753,2025-02-01,3
0.5,1.017763534045842,0.2982560443915973,55.47317761185598,-0.3386316891544415,2025-02-01,3
0.55,1.0118936275751003,0.2431629013079667,55.1532384969989,-0.393405408298849,2025-02-01,3
0.6,1.0065640824926123,0.18668252080856124,54.86275176696646,-0.4691682524552939,2025-02-01,3
0.65,1.0016222839600044,0.1308957590170432,54.59339915356362,-0.5641045337021386,2025-02-01,3
0.7,1.0061940647192322,0.07996432818073722,54.842583956885214,-0.6813112314222084,2025-02-01,3
0.75,1.008001944912397,0.03963535473642489,54.941122424517,-0.8079772870935963,2025-02-01,3
0.8,1.0025163284421093,0.008224336107808166,54.64212902714392,-0.94820899915295,2025-02-01,3
0.85,1.0,0.0,54.50497660427807,-1.0,2025-02-01,3
0.9,1.0,0.0,54.50497660427807,-1.0,2025-02-01,3
0.95,1.0,0.0,54.50497660427807,-1.0,2025-02-01,3
0.0,1.074643983500834,1.0,56.33307528236048,-0.016726088982369127,2025-03-01,1
0.05,1.0745534167127853,0.9931308197221799,56.328327751301295,-0.016842653435128658,2025-03-01,1
0.1,1.0711488934886677,0.9195542665241948,56.149861890951925,-0.020882780124251873,2025-03-01,1
0.15,1.061365272094532,0.7583575026713479,55.63700229373488,-0.033310997153524785,2025-03-01,1
0.2,1.0532075355551944,0.6450923523126241,55.209371940185505,-0.04609249499107203,2025-03-01,1
0.25,1.0445606448557379,0.5544954968707068,54.75610001738182,-0.06086967501855663,2025-03-01,1
0.3,1.0358820714758936,0.4809952678980308,54.30116728146532,-0.07856307085348344,2025-03-01,1
0.35,1.027227759164805,0.4173408639902305,53.84750631613853,-0.10089802204666944,2025-03-01,1
0.4,1.0168677184122843,0.35643413219355824,53.30443068867457,-0.1295128388056098,2025-03-01,1
0.45,1.008273170400983,0.3031598229277973,52.853902581160064,-0.16060582856901315,2025-03-01,1
0.5,1.0001934732505375,0.2556861547855289,52.430363069635526,-0.19906379007038874,2025-03-01,1
0.55,0.9918746433760447,0.21347885818958937,51.994288167830064,-0.24000185193517018,2025-03-01,1
0.6,0.9812267094152869,0.17546939398565103,51.43612111472014,-0.28542020496965886,2025-03-01,1
0.65,0.974573191882932,0.13959700809036787,51.08734225418846,-0.3407808553027782,2025-03-01,1
0.7,0.9645594594836344,0.10525110670126699,50.56242018718969,-0.41130019495033404,2025-03-01,1
0.75,0.9520988918749544,0.07029461150969318,49.90923447737534,-0.4970603165287927,2025-03-01,1
0.8,0.9520719492698803,0.04258891772248512,49.907822140058755,-0.6109251794171944,2025-03-01,1
0.85,0.955100579239705,0.0174782475957869,50.066583592885905,-0.7382861133514994,2025-03-01,1
0.9,0.9792058327375917,0.0037398870401465427,51.33018631234018,-0.8823870504131226,2025-03-01,1
0.95,1.0,0.0,52.42022115905399,-1.0,2025-03-01,1
0.0,1.1807906815710436,1.0,59.79096084477664,0.0322697244544852,2025-03-01,2
0.05,1.1807906815710436,1.0,59.79096084477664,0.0322697244544852,2025-03-01,2
0.1,1.1806693615236195,0.9973675813656668,59.784817637247606,0.03214840440706086,2025-03-01,2
0.15,1.1763722130397962,0.9306796426292279,59.56722561120061,0.02662496872386522,2025-03-01,2
0.2,1.1633600070058692,0.7867740906190173,58.908334654808954,0.009678377271044742,2025-03-01,2
0.25,1.1522630185287528,0.6912890874282067,58.34642337460863,-0.008583806631291418,2025-03-01,2
0.3,1.1384322553884425,0.5832801531589024,57.64608365285929,-0.031729347212448016,2025-03-01,2
0.35,1.1267136306556755,0.49433631142310147,57.052694965527124,-0.0585398686925795,2025-03-01,2
0.4,1.1157073572170493,0.4242182514358647,56.49537716611813,-0.09380517371362261,2025-03-01,2
0.45,1.1024562386914538,0.36119974473516275,55.824388546984366,-0.13046669689338472,2025-03-01,2
0.5,1.0809797805188317,0.29419272495213783,54.736898537345034,-0.1834226037798541,2025-03-01,2
0.55,1.063083619735403,0.23611997447351626,53.83070181224035,-0.24797820274162996,2025-03-01,2
0.6,1.0447647701557825,0.17916400765794513,52.90310165835097,-0.3254462447110382,2025-03-01,2
0.65,1.0262412791207332,0.1267549457562221,51.96513920279397,-0.41949286413919024,2025-03-01,2
0.7,1.0043916976869058,0.0822431397574984,50.85875558343261,-0.5315816931123684,2025-03-01,2
0.75,0.9880052682840141,0.042677089980855135,50.02900618406369,-0.6651838366230872,2025-03-01,2
0.8,1.001748137112681,0.009811742182514358,50.72489525640668,-0.8758212505158063,2025-03-01,2
0.85,1.0,0.0,50.636375928394585,-1.0,2025-03-01,2
0.9,1.0,0.0,50.636375928394585,-1.0,2025-03-01,2
0.95,1.0,0.0,50.636375928394585,-1.0,2025-03-01,2
0.0,1.1897847376177422,1.0,61.79155855396866,-0.018956871358117862,2025-03-01,3
0.05,1.1897847376177422,1.0,61.79155855396866,-0.018956871358117862,2025-03-01,3
0.1,1.1896898650077867,0.9983822903363133,61.786631337937166,-0.019051743968073024,2025-03-01,3
0.15,1.1863654504258816,0.9432098765432099,61.613977620167375,-0.023087750118312687,2025-03-01,3
0.2,1.1742675372799263,0.8234142188165177,60.9856716040422,-0.038256433439454784,2025-03-01,3
0.25,1.1632353049600153,0.7128991060025542,60.412711800622894,-0.056449823372620986,2025-03-01,3
0.3,1.1542135605031796,0.6343124733929332,59.94416683342176,-0.07186252785207513,2025-03-01,3
0.35,1.1432158980440692,0.5392081736909323,59.373002418286,-0.09542318411033997,2025-03-01,3
0.4,1.1288028538568695,0.4535547041294168,58.624459899899435,-0.12976065310508209,2025-03-01,3
0.45,1.1137114839833249,0.3831417624521073,57.84068848670423,-0.1748318412152866,2025-03-01,3
0.5,1.0949553051684386,0.3163899531715624,56.86658494944647,-0.2241740039667302,2025-03-01,3
0.55,1.076917244546072,0.2590889740315028,55.929776933755555,-0.2822511615681706,2025-03-01,3
0.6,1.0598021731919236,0.1957428693060877,55.04090443413622,-0.3702034915928089,2025-03-01,3
0.65,1.0378449113503456,0.13690932311621967,53.90055241257197,-0.4723553952445419,2025-03-01,3
0.7,1.0282613913295835,0.07620263942103023,53.40283158981058,-0.6376564940522762,2025-03-01,3
0.75,1.0055784188540424,0.021030225627926776,52.224789732670224,-0.837200823167641,2025-03-01,3
0.8,0.9990595653679365,0.0002554278416347382,51.88623259358808,-0.99717760399057,2025-03-01,3
0.85,1.0,0.0,51.93507413592429,-1.0,2025-03-01,3
0.9,1.0,0.0,51.93507413592429,-1.0,2025-03-01,3
0.95,1.0,0.0,51.93507413592429,-1.0,2025-03-01,3
0.0,0.9211728452732197,1.0,60.99260588130216,-0.2724518284007375,2025-04-01,1
0.05,0.9205549241452347,0.9460831187936741,60.95169214831675,-0.2731540871470101,2025-04-01,1
0.1,0.9164668431022299,0.7671202648032365,60.681012528149644,-0.2786043111471104,2025-04-01,1
0.15,0.9120018165949703,0.6383229128356013,60.385374631956466,-0.28540942823994975,2025-04-01,1
0.2,0.9074609500584354,0.5361529974255241,60.084715223199886,-0.29378209392579224,2025-04-01,1
0.25,0.9030014584269891,0.4570062522986392,59.78944380166,-0.30561157181121723,2025-04-01,1
0.3,0.899014870361441,0.39205590290548,59.52548422453963,-0.31943849317278783,2025-04-01,1
0.35,0.8947283769404372,0.33703567488047076,59.2416673435041,-0.33577398011052095,2025-04-01,1
0.4,0.8895624406027454,0.28760573740345713,58.89962087451675,-0.35625672832628735,2025-04-01,1
0.45,0.8867505808892095,0.2453107760205958,58.71344229556576,-0.37726679034138955,2025-04-01,1
0.5,0.8844979696756394,0.20742920191246783,58.56429262332121,-0.4056590245588618,2025-04-01,1
0.55,0.8820515646975198,0.17351967635159984,58.402311497387934,-0.43328192215952266,2025-04-01,1
0.6,0.8837328221325572,0.14181684442809855,58.51363074941152,-0.4674378331591388,2025-04-01,1
0.65,0.8828277305351516,0.11298271423317396,58.45370291353326,-0.507142216197,2025-04-01,1
0.7,0.8821966191174232,0.08370724531077602,58.41191582637995,-0.5530088126603214,2025-04-01,1
0.75,0.8812027025951596,0.05788892975358588,58.34610672330836,-0.607082334649909,2025-04-01,1
0.8,0.8846564419401598,0.03501287237955131,58.574785373322044,-0.6762377560700814,2025-04-01,1
0.85,0.8943909073553221,0.01574108127988231,59.21932284050721,-0.7521249931267471,2025-04-01,1
0.9,0.9189508029714292,0.004560500183891136,60.845480234839485,-0.845564107764864,2025-04-01,1
0.95,0.9799215859036697,0.0002942258183155572,64.8824717210112,-0.9702006497367411,2025-04-01,1
0.0,1.0482566964955577,1.0,65.31495822543224,-0.21399292161606737,2025-04-01,2
0.05,1.0482566964955577,1.0,65.31495822543224,-0.21399292161606737,2025-04-01,2
0.1,1.0472083312547433,0.9633564280215551,65.24963650400875,-0.21534136708990784,2025-04-01,2
0.15,1.0386722149067666,0.780523479599692,64.71776670099251,-0.2267211649855392,2025-04-01,2
0.2,1.0338499562948416,0.702540415704388,64.41730058344413,-0.23383453696439405,2025-04-01,2
0.25,1.0258116998829683,0.5899923017705928,63.91645152280659,-0.2484900150581362,2025-04-01,2
0.3,1.0172105818557937,0.496612779060816,63.380531584002455,-0.26675487495170985,2025-04-01,2
0.35,1.0107906310593529,0.42455735180908394,62.980516187505884,-0.2871499373505411,2025-04-01,2
0.4,1.0023346014545422,0.3611239414934565,62.453636443033325,-0.3162568856782653,2025-04-01,2
0.45,0.9942422850115575,0.30331023864511164,61.949419000695464,-0.34804499903987596,2025-04-01,2
0.5,0.9849244897783948,0.2455735180908391,61.368844215490896,-0.38888635525289494,2025-04-01,2
0.55,0.9782834389906505,0.19568899153194766,60.95505248277448,-0.4408859493204365,2025-04-01,2
0.6,0.9756792299893713,0.15450346420323324,60.792788981193716,-0.49622673474158024,2025-04-01,2
0.65,0.9693217301971735,0.11593533487297922,60.39666479259203,-0.5661054370504277,2025-04-01,2
0.7,0.9646255389389365,0.07729022324865281,60.104053701362346,-0.6426133447628168,2025-04-01,2
0.75,0.9643041212495553,0.04888375673595073,60.08402675278665,-0.7308070654447043,2025-04-01,2
0.8,0.9832852471113541,0.023248652809853734,61.26670600194355,-0.8494081952212903,2025-04-01,2
0.85,0.9992187982697847,0.0031562740569668975,62.259496443230354,-0.9689930445391275,2025-04-01,2
0.9,1.0,0.0,62.30817169476486,-1.0,2025-04-01,2
0.95,1.0,0.0,62.30817169476486,-1.0,2025-04-01,2
0.0,1.0831684865513185,1.0,66.5122467084345,-0.262689355537521,2025-04-01,3
0.05,1.0831684865513185,1.0,66.5122467084345,-0.262689355537521,2025-04-01,3
0.1,1.0830229977505723,0.9953864832051801,66.50331293023775,-0.262930605331006,2025-04-01,3
0.15,1.0750471632040937,0.8458114123836503,66.01355470550389,-0.27336673844346326,2025-04-01,3
0.2,1.0702110003511123,0.7668150546337515,65.71658884950507,-0.2803126358718549,2025-04-01,3
0.25,1.06339470018095,0.6822339133953865,65.29803213908964,-0.29308981677845136,2025-04-01,3
0.3,1.0536464828087768,0.569971671388102,64.69944027930448,-0.31291294187887003,2025-04-01,3
0.35,1.0454089864369391,0.4757588021044112,64.19361464114552,-0.33636343014930875,2025-04-01,3
0.4,1.0376748410048693,0.39708619991906113,63.718697400251095,-0.3664400903010023,2025-04-01,3
0.45,1.0285990113877974,0.3315256980979361,63.16139368797603,-0.40207930623784016,2025-04-01,3
0.5,1.017314938010564,0.27130716309186564,62.46849218496774,-0.44521423402110816,2025-04-01,3
0.55,1.007516927817732,0.21351679481991095,61.8668427838923,-0.5077438144339042,2025-04-01,3
0.6,0.9987698773309752,0.16001618777822743,61.329727840861935,-0.5720653233483269,2025-04-01,3
0.65,0.9911322659852089,0.11185754755159855,60.86073830100729,-0.6447287368724594,2025-04-01,3
0.7,1.0050283130925384,0.07017401861594497,61.71402874007596,-0.7529748924986235,2025-04-01,3
0.75,0.9981187352735601,0.02152974504249292,61.28974429102388,-0.8871609416099263,2025-04-01,3
0.8,0.9987392068983606,0.0004046944556859571,61.3278445148549,-0.9958920909543512,2025-04-01,3
0.85,1.0,0.0,61.405263847918704,-1.0,2025-04-01,3
0.9,1.0,0.0,61.405263847918704,-1.0,2025-04-01,3
0.95,1.0,0.0,61.405263847918704,-1.0,2025-04-01,3
0.0,0.9506638317349805,1.0,63.401242119677725,-0.13777316532506204,2025-05-01,1
0.05,0.9491115897530727,0.8491812495607562,63.29772069976249,-0.1395801952824043,2025-05-01,1
0.1,0.9453262781394135,0.6978002670602291,63.045272410362394,-0.1442759798404459,2025-05-01,1
0.15,0.9410337780196162,0.6008152364888608,62.758998934598274,-0.15029013088752696,2025-05-01,1
0.2,0.9358702229083841,0.5179562864572352,62.4146334534712,-0.15859108020854512,2025-05-01,1
0.25,0.9307103673565327,0.4476772787968234,62.0705147016844,-0.16925133071443837,2025-05-01,1
0.3,0.9263845015258207,0.39096211961487104,61.78201601502492,-0.18261295696322927,2025-05-01,1
0.35,0.9222111250253959,0.3414154192142807,61.503687077784186,-0.20001813946579214,2025-05-01,1
0.4,0.9176964245361723,0.2955232272120318,61.202594715521165,-0.21959792681967605,2025-05-01,1
0.45,0.9118306997945614,0.2567994939911448,60.81140045511522,-0.2439413946638903,2025-05-01,1
0.5,0.9069476566936886,0.21997329397708903,60.485742754059885,-0.27163247560431675,2025-05-01,1
0.55,0.9029544528405717,0.1834984890013353,60.219429809490784,-0.3081109054573092,2025-05-01,1
0.6,0.9030016063758688,0.15180265654648956,60.22257455173128,-0.34944112935385657,2025-05-01,1
0.65,0.9003419251115481,0.12095017218356877,60.04519629227587,-0.3947870257943513,2025-05-01,1
0.7,0.8976037191591403,0.09283856911940404,59.86258109985257,-0.44731918148445404,2025-05-01,1
0.75,0.8971085688073996,0.06507836109354136,59.82955875663471,-0.5163048046971205,2025-05-01,1
0.8,0.8983357518392918,0.04209712558858669,59.91140149213477,-0.5950696096652581,2025-05-01,1
0.85,0.9102204763482367,0.022770398481973434,60.704012161609924,-0.7008028597035375,2025-05-01,1
0.9,0.9298583703061174,0.006535947712418301,62.01369369990079,-0.8320941917274597,2025-05-01,1
0.95,0.995939304429454,0.00014055801532082368,66.42073345884693,-0.9923033001227918,2025-05-01,1
0.0,0.9553590433112501,1.0,60.33603824110097,-0.28541818315749623,2025-05-01,2
0.05,0.9542711622376996,0.9289683135605947,60.26733272717397,-0.2866948883415702,2025-05-01,2
0.1,0.949030704803539,0.7281123291785553,59.936369784642466,-0.2934616113227367,2025-05-01,2
0.15,0.9446798697476421,0.6193872953896982,59.66159125802334,-0.3002277977292297,2025-05-01,2
0.2,0.9397025884248387,0.5234269409821295,59.347249295876296,-0.3103559246689786,2025-05-01,2
0.25,0.933569747578486,0.43309806277218804,58.95992756335822,-0.32630501171909515,2025-05-01,2
0.3,0.9257193353724891,0.3569605045802673,58.4641320042062,-0.34662428605156165,2025-05-01,2
0.35,0.9197041580058256,0.29614056164589275,58.084241350359356,-0.3677472452274627,2025-05-01,2
0.4,0.912894624359903,0.24650848475747109,57.654182844773416,-0.3953439261768978,2025-05-01,2
0.45,0.9077474499464032,0.20010512088902238,57.32911122440109,-0.4273421377570445,2025-05-01,2
0.5,0.9048597276091903,0.1576062471842619,57.146736098957284,-0.4668425335964981,2025-05-01,2
0.55,0.9026744109504813,0.11931220904039645,57.008721652543734,-0.511768137873248,2025-05-01,2
0.6,0.9020855281136442,0.09077939630575162,56.97153054872607,-0.5572674644940963,2025-05-01,2
0.65,0.9050874719680261,0.0640486559543475,57.16111937448089,-0.6107259673552395,2025-05-01,2
0.7,0.9105994835330499,0.044601291485207986,57.509232414181625,-0.6679471930567623,2025-05-01,2
0.75,0.9133088780653624,0.027406517495119388,57.680345184041684,-0.7312766429941777,2025-05-01,2
0.8,0.9266131791659743,0.014942183511037693,58.5205830250898,-0.8047899134453123,2025-05-01,2
0.85,0.9472920495359667,0.004805526355308605,59.826564396347045,-0.8934235954832298,2025-05-01,2
0.9,0.9988808223965522,0.00022525904790509084,63.08467159062172,-0.9952230421796759,2025-05-01,2
0.95,1.0,0.0,63.15535364796234,-1.0,2025-05-01,2
0.0,0.963321253907363,1.0,58.82752132620139,-0.34094254570886645,2025-05-01,3
0.05,0.9623070506154464,0.9317589447910908,58.765586571266496,-0.34214895023596825,2025-05-01,3
0.1,0.9573328011451153,0.754363794329042,58.46182210472864,-0.3487781198411933,2025-05-01,3
0.15,0.9521442321482492,0.6357317747413317,58.14496970260676,-0.3567760489488234,2025-05-01,3
0.2,0.9466592581763502,0.5244451465129136,57.81001662024014,-0.36844952635806905,2025-05-01,3
0.25,0.9413227637091579,0.43582655398467735,57.48413079471459,-0.38481899226498817,2025-05-01,3
0.3,0.9346225588831161,0.3606350209304162,57.074966727488686,-0.40328238400930827,2025-05-01,3
0.35,0.9285911233305213,0.2991864781612827,56.706642658899206,-0.42592812781341816,2025-05-01,3
0.4,0.9244722108716538,0.24500434404865334,56.45511139709847,-0.4548288831727626,2025-05-01,3
0.45,0.9193440917820419,0.19350762183081904,56.14195051345367,-0.4905453314828845,2025-05-01,3
0.5,0.912988463961592,0.15235763367822447,55.75382886698072,-0.5281895985313755,2025-05-01,3
0.55,0.9088350817132661,0.11657846931521997,55.50019262486709,-0.570888434106018,2025-05-01,3
0.6,0.9075216907090986,0.08695995576968645,55.419987255169374,-0.6176328255656202,2025-05-01,3
0.65,0.9086561912857215,0.05860516546876234,55.48926825213188,-0.6713381407151647,2025-05-01,3
0.7,0.9159246755314768,0.038227628149435276,55.933135664214795,-0.727240881840274,2025-05-01,3
0.75,0.9257401842875412,0.02408972435036727,56.532543232907784,-0.7847199405763992,2025-05-01,3
0.8,0.9432199459616715,0.009951820551299265,57.59998677626461,-0.8635705383327907,2025-05-01,3
0.85,0.9815752926503788,0.0023694810836426823,59.94224795461162,-0.9615200491815867,2025-05-01,3
0.9,0.9999790338602579,0.0,61.066116522978284,-0.9998622789816037,2025-05-01,3
0.95,1.0,0.0,61.06739687055476,-1.0,2025-05-01,3
0.0,0.9542484366986519,1.0,58.460335361185834,-0.045598900070702955,2025-06-01,1
0.05,0.9525412842705406,0.8863156587607103,58.35574970023855,-0.04742280728542484,2025-06-01,1
0.1,0.9476746122904239,0.7253818452750528,58.0576016864626,-0.053209114301898126,2025-06-01,1
0.15,0.9419245882741899,0.6270954923630945,57.705336679367726,-0.06052018699779267,2025-06-01,1
0.2,0.9354225544252467,0.5452626350428412,57.30700112573136,-0.07009705313834858,2025-06-01,1
0.25,0.9284441431107653,0.47553706693157827,56.87948115289884,-0.08344814076432618,2025-06-01,1
0.3,0.9189877495209071,0.4116478331056749,56.30015199781734,-0.10102355337116936,2025-06-01,1
0.35,0.911319417365616,0.35744443064696385,55.830365250238046,-0.11979459032476787,2025-06-01,1
0.4,0.9036731856808221,0.30665590463181425,55.36193244872481,-0.14334954142136466,2025-06-01,1
0.45,0.8970820562080042,0.2651806780081957,54.95813860995993,-0.1698530802697728,2025-06-01,1
0.5,0.8893633921873737,0.22656152986464673,54.48526837005942,-0.1983936489154508,2025-06-01,1
0.55,0.881528281425086,0.18918415497330188,54.0052642273856,-0.2317557233811669,2025-06-01,1
0.6,0.8770250905801241,0.1563392524525022,53.72938423967226,-0.2695194411843511,2025-06-01,1
0.65,0.8736135680220526,0.1256053644604495,53.520383370331466,-0.3153560586174362,2025-06-01,1
0.7,0.8719919330401994,0.09791382093629704,53.42103678381722,-0.37016293654242727,2025-06-01,1
0.75,0.8724452565443037,0.07146405066434869,53.44880884301884,-0.43654801432670154,2025-06-01,1
0.8,0.8745538564277208,0.04625605364460449,53.577988469189975,-0.5139366430946003,2025-06-01,1
0.85,0.8820469653630654,0.024090401092760463,54.037040477463236,-0.6251207669069249,2025-06-01,1
0.9,0.9050617584192744,0.009127033403700484,55.44700089090551,-0.7535882185163788,2025-06-01,1
0.95,0.9787614290405027,0.0011796845895939401,59.96208029248336,-0.9555531773038862,2025-06-01,1
0.0,1.004935190646963,1.0,59.16448604306028,-0.13080612159125105,2025-06-01,2
0.05,1.0037959226377304,0.9227330352972576,59.097412855795184,-0.1320680244672052,2025-06-01,2
0.1,0.9986416373105852,0.7399746446920664,58.7939598121183,-0.1382807662386123,2025-06-01,2
0.15,0.9935924384106777,0.6359511576699807,58.49669361960901,-0.14551133956843393,2025-06-01,2
0.2,0.9871531435111651,0.546206712484153,58.11758700979461,-0.15613616582958553,2025-06-01,2
0.25,0.9801116725911927,0.46980716621071594,57.7030279299209,-0.16890863068741244,2025-06-01,2
0.3,0.9724863823857239,0.4017481817575232,57.2540971131532,-0.1861064551337908,2025-06-01,2
0.35,0.9641619591920504,0.345833055314606,56.76400558840368,-0.2069733032862318,2025-06-01,2
0.4,0.9560171646294191,0.2966571028224461,56.28448950745704,-0.23381110522300996,2025-06-01,2
0.45,0.9471815751093915,0.2508173750583839,55.76430361118711,-0.2623490495854847,2025-06-01,2
0.5,0.9383665826711681,0.21091612731033563,55.245330346109995,-0.29863726355928033,2025-06-01,2
0.55,0.9303359882055094,0.17208247147527858,54.77253767390289,-0.33889764295710867,2025-06-01,2
0.6,0.9227853605042885,0.1363181423900714,54.328002532330586,-0.38701486293985665,2025-06-01,2
0.65,0.9232389320617769,0.10802695669580303,54.35470607334727,-0.44554088091149774,2025-06-01,2
0.7,0.917171695257076,0.0786681790885434,53.99750398649372,-0.5144263700116994,2025-06-01,2
0.75,0.9171720703945996,0.05404684059518249,53.99752607231476,-0.5910209635365652,2025-06-01,2
0.8,0.9170803492692197,0.03075999199306065,53.99212608901942,-0.690162485246858,2025-06-01,2
0.85,0.9291369272108573,0.013678521385200508,54.701944238482234,-0.8042391093756006,2025-06-01,2
0.9,0.9745235596331306,0.0014679388803629813,57.374033747817016,-0.9500037817356637,2025-06-01,2
0.95,1.0,0.0,58.87393196467826,-1.0,2025-06-01,2
0.0,0.990425314873367,1.0,55.801093263963544,-0.279821733979989,2025-06-01,3
0.05,0.9888013728062341,0.910762845284099,55.709599497212494,-0.28172802043664863,2025-06-01,3
0.1,0.983144073139191,0.7241305281236582,55.390864200767425,-0.288893589547198,2025-06-01,3
0.15,0.9770324243981194,0.6010447974810362,55.04653063388891,-0.2983464362280103,2025-06-01,3
0.2,0.9708862305768973,0.49864033204522684,54.700250778673116,-0.3111317513551914,2025-06-01,3
0.25,0.9643124745752235,0.415557463861457,54.32988184096998,-0.32914206729138956,2025-06-01,3
0.3,0.9578273384902747,0.3471446972949764,53.96450579688937,-0.3505414554693786,2025-06-01,3
0.35,0.950556257883764,0.28660369257191926,53.55484921707388,-0.37808827358754066,2025-06-01,3
0.4,0.9415407888011876,0.23350508086446256,53.04691285524983,-0.4105750200173394,2025-06-01,3
0.45,0.937555034171133,0.19250035780735653,52.82235330240016,-0.44287942412524,2025-06-01,3
0.5,0.9298713091603462,0.15357091741806211,52.389448115605354,-0.481607366198438,2025-06-01,3
0.55,0.9231141425080064,0.12101044797481036,52.00874572350669,-0.5239520075500611,2025-06-01,3
0.6,0.9207295919427306,0.09295835122370116,51.8743988661643,-0.5696087545371402,2025-06-01,3
0.65,0.9178136515514443,0.0674109059682267,51.710113221115805,-0.6222218606422257,2025-06-01,3
0.7,0.9144201303021429,0.046157148990983256,51.51892041446816,-0.6758332378058576,2025-06-01,3
0.75,0.9199947799918617,0.029268641763274653,51.83299916687737,-0.7346786929087452,2025-06-01,3
0.8,0.9245339138014997,0.015171031916416201,52.08873639940319,-0.8080620860832247,2025-06-01,3
0.85,0.9400330907319671,0.00465149563475025,52.96196833766625,-0.8956113760020852,2025-06-01,3
0.9,0.9875603259033737,0.00021468441391155003,55.63967824930869,-0.9855251903740865,2025-06-01,3
0.95,1.0,0.0,56.34053615753764,-1.0,2025-06-01,3
0.0,0.9985551312417705,1.0,52.57068325257238,0.009367885457224353,2025-07-01,1
0.05,0.9961723126943457,0.8498537536561586,52.445235598070575,0.006847698268755527,2025-07-01,1
0.1,0.9900670388492502,0.7051240385657025,52.123812766782734,-0.00024268053068593438,2025-07-01,1
0.15,0.9823187185384609,0.6032390856895244,51.71588887750139,-0.010226026457354624,2025-07-01,1
0.2,0.9725520035755606,0.5172787346982992,51.20170306775618,-0.0237641358822009,2025-07-01,1
0.25,0.9636878152014068,0.4513595493445997,50.73503235050767,-0.038214153268397694,2025-07-01,1
0.3,0.953581278022307,0.39166937493229337,50.20295600519654,-0.05792872607830349,2025-07-01,1
0.35,0.9451629799877382,0.3417289567760806,49.75975996558406,-0.07707699424734407,2025-07-01,1
0.4,0.9347232541815208,0.2963384248727115,49.21014232161897,-0.10097339586729664,2025-07-01,1
0.45,0.9252992149788981,0.2541978117213736,48.71399727726392,-0.12796232897239984,2025-07-01,1
0.5,0.9167650707403278,0.21704040732315025,48.26470231140688,-0.15706530486737771,2025-07-01,1
0.55,0.9076150208154394,0.18410789730256744,47.78298191230549,-0.18797686057740853,2025-07-01,1
0.6,0.9001368831150957,0.15252952009533094,47.389282259613296,-0.2235791505520404,2025-07-01,1
0.65,0.893582469869752,0.1231177553894486,47.044213698202036,-0.26623472096313944,2025-07-01,1
0.7,0.8900936668164381,0.09614342974758965,46.86053955292145,-0.31932746290630876,2025-07-01,1
0.75,0.8851809214589678,0.06965659191853538,46.601899471860584,-0.39067339659097083,2025-07-01,1
0.8,0.8896263796236489,0.04641967284151229,46.83593840048478,-0.47650066462891916,2025-07-01,1
0.85,0.8990076975985479,0.026865995016791246,47.32983431100579,-0.5834237175269519,2025-07-01,1
0.9,0.9165628664441934,0.010508070631567544,48.254056912197754,-0.7283767661526387,2025-07-01,1
0.95,0.978014838067054,0.001191636875744773,51.48930355442775,-0.9497015226124392,2025-07-01,1
0.0,1.0417746142466036,1.0,54.04286873670084,-0.07051279840562867,2025-07-01,2
0.05,1.0399145577056,0.8851663585951941,53.946376856294435,-0.0725305876624046,2025-07-01,2
0.1,1.0348115451827462,0.7457832717190388,53.68165411093001,-0.07842778306023401,2025-07-01,2
0.15,1.0271516559837985,0.6362060998151571,53.28429139844371,-0.08823522152381594,2025-07-01,2
0.2,1.018407600798248,0.5508317929759704,52.83068673179429,-0.10111616714148522,2025-07-01,2
0.25,1.0086396989452737,0.4733710720887246,52.323969222599615,-0.11773422719290252,2025-07-01,2
0.3,0.9982705884355486,0.4059611829944547,51.78606354652527,-0.13656153231990803,2025-07-01,2
0.35,0.98850520396,0.348775415896488,51.27947662824338,-0.16025313380813924,2025-07-01,2
0.4,0.9782233324735359,0.2986945471349353,50.74609654438286,-0.18822237412089443,2025-07-01,2
0.45,0.9685727873461176,0.25525646950092423,50.2454670066437,-0.2205752864994924,2025-07-01,2
0.5,0.9594529344327813,0.21337800369685767,49.77236754045073,-0.26070103087044444,2025-07-01,2
0.55,0.9488067854454018,0.17525415896487986,49.22009027777967,-0.3049957636272922,2025-07-01,2
0.6,0.9401372155800842,0.1423290203327172,48.77034959507562,-0.3566865016765127,2025-07-01,2
0.65,0.9323347907772294,0.11125231053604437,48.365592737227246,-0.4131569667750778,2025-07-01,2
0.7,0.9267274430591746,0.08358364140480591,48.07470721117992,-0.48454291059646,2025-07-01,2
0.75,0.924349656880137,0.057474584103512014,47.95135770294622,-0.5629456955304358,2025-07-01,2
0.8,0.9231635832205852,0.03361829944547135,47.889829208952754,-0.656536654523354,2025-07-01,2
0.85,0.9381759688153298,0.015134011090573014,48.66860839307431,-0.784969437208945,2025-07-01,2
0.9,0.9775106562456659,0.0020794824399260627,50.70912591051654,-0.9405516407404282,2025-07-01,2
0.95,1.0,0.0,51.87577811711592,-1.0,2025-07-01,2
0.0,1.0772305045875272,1.0,53.79147852775807,-0.10889419001051823,2025-07-01,3
0.05,1.075838919121602,0.9147688276034193,53.72198974203294,-0.110413601954717,2025-07-01,3
0.1,1.070689091970277,0.7632120796156486,53.46483325096399,-0.116434341591434,2025-07-01,3
0.15,1.0644304533691493,0.662007861733325,53.15230828765127,-0.12422235791038086,2025-07-01,3
0.2,1.056085026658013,0.5786485306046047,52.735579611824406,-0.13655145502502794,2025-07-01,3
0.25,1.046543705935145,0.49709864603481624,52.259133998183785,-0.1539282909024432,2025-07-01,3
0.3,1.0344330147743663,0.4230361265364697,51.65438693545482,-0.17711790883928977,2025-07-01,3
0.35,1.0242600618155961,0.3624508641667187,51.146400781780955,-0.2036981698999629,2025-07-01,3
0.4,1.0121144744280552,0.30941536157733823,50.539911176834174,-0.23404068022522975,2025-07-01,3
0.45,0.9992998059489157,0.2599987521058214,49.90001102417379,-0.27422966103056845,2025-07-01,3
0.5,0.9846421435274898,0.21139327385037748,49.16808101471759,-0.32019182005754154,2025-07-01,3
0.55,0.9696874430514519,0.16784176701815687,48.42131841737186,-0.37132262368118346,2025-07-01,3
0.6,0.9627375363601003,0.13339988768952393,48.0742749991195,-0.43271032834265377,2025-07-01,3
0.65,0.9515505214275459,0.09933237661446309,47.51565168593675,-0.5019840373064741,2025-07-01,3
0.7,0.9460560254940561,0.06844699569476509,47.241284167779305,-0.581937696015396,2025-07-01,3
0.75,0.9406799665679138,0.040806139639358585,46.972830798646136,-0.6774252748099917,2025-07-01,3
0.8,0.9478776064172137,0.021214201035752167,47.33224476599605,-0.7928186774810371,2025-07-01,3
0.85,0.9840323695099937,0.002994946028576777,49.137631964278306,-0.9541725925254475,2025-07-01,3
0.9,1.0,0.0,49.9349751967476,-1.0,2025-07-01,3
0.95,1.0,0.0,49.9349751967476,-1.0,2025-07-01,3
0.0,0.9227634510436729,1.0,44.79202233306009,-0.18318148505676932,2025-08-01,1
0.05,0.918208500366857,0.7718510565614172,44.57091967428967,-0.1879408752703348,2025-08-01,1
0.1,0.9093190077072144,0.5973842174613245,44.13941325377644,-0.1983461712984773,2025-08-01,1
0.15,0.8999618440142806,0.48675028061099995,43.68520553170645,-0.21053213525058462,2025-08-01,1
0.2,0.8910214397278751,0.40832560636376947,43.25122780099949,-0.22465298640653952,2025-08-01,1
0.25,0.8824039324727012,0.3490800839392904,42.832923871652824,-0.24012098035237928,2025-08-01,1
0.3,0.8753355370123307,0.29876531160021474,42.4898156493216,-0.25816040810392543,2025-08-01,1
0.35,0.8696969527717349,0.25738128934654236,42.216112143893476,-0.27787776587102647,2025-08-01,1
0.4,0.8625164044072243,0.21775413596212972,41.86755988779469,-0.30057889987942144,2025-08-01,1
0.45,0.8573721284540263,0.18471524083744081,41.61785068754141,-0.3253402210845993,2025-08-01,1
0.5,0.851713490883152,0.1529939973646967,41.34317376989516,-0.35387820358065786,2025-08-01,1
0.55,0.8491365516348558,0.12683617197794153,41.21808611039795,-0.3824370889797719,2025-08-01,1
0.6,0.8466290392246655,0.1021424039822361,41.0963685112119,-0.41657496881257894,2025-08-01,1
0.65,0.8439859664320678,0.07774144746474061,40.96807065175503,-0.4612460983294557,2025-08-01,1
0.7,0.8490921507089537,0.05573178468595969,41.21593083727528,-0.5180496385835891,2025-08-01,1
0.75,0.8604235121665605,0.0340637352984237,41.765968438893594,-0.5976879199571906,2025-08-01,1
0.8,0.8788245561852944,0.017373481040456787,42.659176740226435,-0.689033631554172,2025-08-01,1
0.85,0.910790170326043,0.007222683129178664,44.210825216185235,-0.7977501903862493,2025-08-01,1
0.9,0.9689957815751655,0.0021472841735396026,47.03619398868196,-0.9221509545320515,2025-08-01,1
0.95,0.9983487511285642,0.0,48.461021626025435,-0.9973316472363705,2025-08-01,1
0.0,0.9924436645867514,1.0,46.98797042145813,-0.19689302373426215,2025-08-01,2
0.05,0.9890020333567979,0.8357894736842105,46.82502387627366,-0.2004933884729624,2025-08-01,2
0.1,0.9806735335845025,0.6784595635430039,46.43070496939779,-0.21021669980119662,2025-08-01,2
0.15,0.970059223791308,0.5590243902439025,45.92816271697232,-0.22371887390785025,2025-08-01,2
0.2,0.9594552986716398,0.47075738125802313,45.426112134502425,-0.24034678627127334,2025-08-01,2
0.25,0.9483609863196352,0.3959435173299101,44.90084381021978,-0.2601074754704028,2025-08-01,2
0.3,0.939735225313728,0.3333504492939666,44.49245085304684,-0.28217020932610465,2025-08-01,2
0.35,0.9310113709124642,0.2833889602053915,44.07941359239953,-0.3051750385914794,2025-08-01,2
0.4,0.923073690848089,0.23851091142490372,43.70359833014465,-0.333777301316383,2025-08-01,2
0.45,0.9157457876703003,0.20092426187419768,43.356653400114176,-0.36307083537961327,2025-08-01,2
0.5,0.9091651648117512,0.1650834403080873,43.04508900279291,-0.4011009459219508,2025-08-01,2
0.55,0.9053485385989714,0.13186136071887034,42.864388046159235,-0.4436304643350513,2025-08-01,2
0.6,0.9060032811090042,0.10382541720154044,42.89538730867949,-0.4958482111777193,2025-08-01,2
0.65,0.9110996204569386,0.0765596919127086,43.13667721870997,-0.5645020666142084,2025-08-01,2
0.7,0.9330879512360691,0.05263157894736842,44.17773080505861,-0.6558278925117794,2025-08-01,2
0.75,0.9420825118508959,0.031630295250320926,44.60358484917654,-0.7403490935764329,2025-08-01,2
0.8,0.9572902736743458,0.015815147625160463,45.3236074441461,-0.8287092038716889,2025-08-01,2
0.85,0.9746964456216042,0.005596919127086008,46.1477153726794,-0.9120981094403708,2025-08-01,2
0.9,0.9954766345717309,0.0004621309370988447,47.131568601413996,-0.9884601762281612,2025-08-01,2
0.95,1.0,0.0,47.34573064257877,-1.0,2025-08-01,2
0.0,1.0316851257967725,1.0,47.55213751949762,-0.1689616177418718,2025-08-01,3
0.05,1.0285749579357566,0.8368669669339778,47.408784546640184,-0.1722963280884019,2025-08-01,3
0.1,1.0214234728416631,0.7012523343952544,47.079160328785605,-0.18073655289616003,2025-08-01,3
0.15,1.0133166140409129,0.5993079204657805,46.705501297647885,-0.19290633422712952,2025-08-01,3
0.2,1.0037377592572463,0.5117543666922992,46.26399544614068,-0.20965194261010653,2025-08-01,3
0.25,0.9924381174904202,0.4302977040536087,45.74317557020984,-0.23016163763009223,2025-08-01,3
0.3,0.9807353633917657,0.3629572668351093,45.20377555528154,-0.2544596928072203,2025-08-01,3
0.35,0.9699998525490182,0.30660221904866525,44.708957441526024,-0.2826511743397196,2025-08-01,3
0.4,0.9586761550038523,0.2555750851367681,44.187028793498776,-0.3178487960448101,2025-08-01,3
0.45,0.9500816665646235,0.21520377897396462,43.79089407569298,-0.352673401388397,2025-08-01,3
0.5,0.9460514800576839,0.17895199384818192,43.60513586496061,-0.39332192483124284,2025-08-01,3
0.55,0.9371949327364943,0.14006371525870592,43.19692240366844,-0.44465092666704914,2025-08-01,3
0.6,0.9345793899004099,0.10864550148302757,43.076367546842754,-0.5042393943334145,2025-08-01,3
0.65,0.9395505847749238,0.08173129737449193,43.305498447733214,-0.5693226835457741,2025-08-01,3
0.7,0.9426137936096392,0.05772822146545095,43.44668699850041,-0.6424614353942244,2025-08-01,3
0.75,0.9423346267342957,0.0360320773371416,43.433819718246696,-0.7157806600347895,2025-08-01,3
0.8,0.9461030531209375,0.01911457761177634,43.60751295593033,-0.7984422835251836,2025-08-01,3
0.85,0.955269760565241,0.00675601450071405,44.030022229441364,-0.8905786194719617,2025-08-01,3
0.9,0.9769409950017697,0.0006041964187630452,45.02888660615437,-0.9669613533069914,2025-08-01,3
0.95,0.9971824103884709,0.0,45.96184816970734,-0.9953767427992583,2025-08-01,3
0.0,0.976982386885163,1.0,41.022927045508375,-0.11048854017531486,2025-09-01,1
0.05,0.969812074199841,0.7473684210526316,40.72184975063384,-0.1179441932680504,2025-09-01,1
0.1,0.9607256474898694,0.5866346363834899,40.340315932797125,-0.1291815885805795,2025-09-01,1
0.15,0.9512578916446912,0.48132780082987553,39.942770324467666,-0.14257331187378505,2025-09-01,1
0.2,0.9417854762657657,0.4049355754531557,39.54502906500309,-0.15883581373811248,2025-09-01,1
0.25,0.933168921071471,0.3495086263376283,39.18322488115684,-0.1756880619956081,2025-09-01,1
0.3,0.9256377942034858,0.30220572177331295,38.86699720681685,-0.19483928023713926,2025-09-01,1
0.35,0.919391665187183,0.26245905219480237,38.60472585127117,-0.2145118115635082,2025-09-01,1
0.4,0.9121547084537776,0.2264686612797554,38.30085021124811,-0.2393056537443165,2025-09-01,1
0.45,0.9051946636606187,0.19510810220572178,38.0086019439139,-0.266097965626257,2025-09-01,1
0.5,0.8970216881960302,0.16479580694474777,37.66542341712645,-0.29422515171791525,2025-09-01,1
0.55,0.8902181491015309,0.1371041712164228,37.37974673382947,-0.32287296384028513,2025-09-01,1
0.6,0.8856489085484097,0.11286307053941909,37.18788695787008,-0.3579834403024011,2025-09-01,1
0.65,0.8814737556055252,0.08975758899322997,37.01257469341272,-0.40096913248705934,2025-09-01,1
0.7,0.8777361583681983,0.06490500109194147,36.85563514071393,-0.4572190945446333,2025-09-01,1
0.75,0.877134418852944,0.042716750382179515,36.83036844546328,-0.5200422822948079,2025-09-01,1
0.8,0.8829903610990772,0.02367329111159642,37.0762560835319,-0.6067098274340198,2025-09-01,1
0.85,0.9086507389275348,0.011661934920288273,38.153720551415624,-0.7207582895829504,2025-09-01,1
0.9,0.9476140368541665,0.0030574361214238915,39.78976696305323,-0.8610470302380164,2025-09-01,1
0.95,0.9987170871302449,0.0001310329766324525,41.93555457541981,-0.9942711944325783,2025-09-01,1
0.0,0.99059098034811,1.0,40.65679149593179,-0.1955131586155553,2025-09-01,2
0.05,0.9849291804581775,0.7849804527684335,40.42441443801049,-0.20140130760508063,2025-09-01,2
0.1,0.9745967804873367,0.6190562778434403,40.000342101798196,-0.21360415097282454,2025-09-01,2
0.15,0.9637823716497722,0.5073188471679243,39.556486692266695,-0.22880919371927758,2025-09-01,2
0.2,0.9527158880910545,0.42131102827529776,39.10228538863497,-0.24611290311671652,2025-09-01,2
0.25,0.9428562603844605,0.35275934175834167,38.69761702818449,-0.26702706335859255,2025-09-01,2
0.3,0.9343662882546815,0.2970270024547686,38.349163394409835,-0.2894752751803247,2025-09-01,2
0.35,0.9256263370602744,0.25070460950995543,37.99044987849355,-0.3159285599958517,2025-09-01,2
0.4,0.9180019633894909,0.21247386126011455,37.677522972465006,-0.3449949194070492,2025-09-01,2
0.45,0.9107521405404493,0.17542503863987635,37.37996874291575,-0.37802660639023017,2025-09-01,2
0.5,0.9050158367313382,0.14301300118192564,37.1445338232051,-0.41545574787635126,2025-09-01,2
0.55,0.9046383975435296,0.11528320756432403,37.129042599616795,-0.459778840358671,2025-09-01,2
0.6,0.9015596645274924,0.08796254204927721,37.00268226645418,-0.5120319037394206,2025-09-01,2
0.65,0.9042893251575006,0.06291481043731248,37.11471563369714,-0.5727726932576612,2025-09-01,2
0.7,0.9069924925153683,0.040049095372306574,37.22566163848391,-0.6454180102543606,2025-09-01,2
0.75,0.9164516850705181,0.023820347304300393,37.61389495280245,-0.7263080062693984,2025-09-01,2
0.8,0.9360815698162468,0.01109191744704064,38.41956363647631,-0.8172151377273926,2025-09-01,2
0.85,0.9595974735093328,0.0034548595326847897,39.384726061993476,-0.9061064305214657,2025-09-01,2
0.9,0.9945431567799473,0.0001363760341849259,40.81900053713251,-0.9903267373346698,2025-09-01,2
0.95,1.0,0.0,41.04296556550952,-1.0,2025-09-01,2
0.0,1.0557832463582408,1.0,42.138977762224535,-0.17298999175362118,2025-09-01,3
0.05,1.0513107124920735,0.8400384522951214,41.960467631686555,-0.17768302210444356,2025-09-01,3
0.1,1.040434198442955,0.6770968517183369,41.52635846654565,-0.19054480907417468,2025-09-01,3
0.15,1.0285120305215147,0.5598654169670753,41.05051461256143,-0.2082981803720167,2025-09-01,3
0.2,1.0147126461584484,0.47055996154770485,40.499746305891094,-0.229098338233325,2025-09-01,3
0.25,1.0006237395385276,0.39346310982936794,39.93742243420744,-0.2531607739890293,2025-09-01,3
0.3,0.9912325632721786,0.32963229992790194,39.56259685403856,-0.27880010978711584,2025-09-01,3
0.35,0.982020324255038,0.27637587118481133,39.194913111733875,-0.30817787616718567,2025-09-01,3
0.4,0.9725289355171991,0.23177120884402788,38.81608779854955,-0.3430188698471333,2025-09-01,3
0.45,0.9649420066688069,0.19048305695746215,38.51327429290931,-0.38030811283368415,2025-09-01,3
0.5,0.9576131038976624,0.15414563806777218,38.22075926015042,-0.4237671874621145,2025-09-01,3
0.55,0.9516957001746478,0.12083633741888969,37.98458072184313,-0.4806864693965886,2025-09-01,3
0.6,0.9554197714834383,0.09055515501081471,38.13321782004237,-0.5489935269678627,2025-09-01,3
0.65,0.97188381614759,0.06431146359048305,38.79033945402552,-0.6300651064603054,2025-09-01,3
0.7,0.9733815487261663,0.042682047584715214,38.85011774662495,-0.7098751190240731,2025-09-01,3
0.75,0.9776042202528838,0.023984619081951455,39.018655239690226,-0.790904217040147,2025-09-01,3
0.8,0.9858919817097196,0.01004566210045662,39.349440746026744,-0.8765937828792765,2025-09-01,3
0.85,0.9929946124536265,0.001778418649363134,39.632924690295766,-0.9601840816273086,2025-09-01,3
0.9,0.9992821670107778,0.0,39.883876883917395,-0.9985801955779049,2025-09-01,3
0.95,1.0,0.0,39.91252741277753,-1.0,2025-09-01,3
0.0,1.0265025249180664,1.0,37.038697816303696,-0.02979857423176006,2025-10-01,1
0.05,1.0201474840615607,0.7168876817382969,36.8093925470223,-0.03656145765487128,2025-10-01,1
0.1,1.010490953806016,0.5575171752676147,36.46096154231759,-0.0481842543854484,2025-10-01,1
0.15,0.9997604064173847,0.4529477552324653,36.07377739762904,-0.06284990138713162,2025-10-01,1
0.2,0.990476171119773,0.3846461096021729,35.73877969689649,-0.07806864631326428,2025-10-01,1
0.25,0.9808928828980785,0.3340789263460617,35.392991442203,-0.09578347118732955,2025-10-01,1
0.3,0.9701665105392436,0.2922990893113916,35.005957942703574,-0.11627525007913879,2025-10-01,1
0.35,0.9612925538858851,0.2546732704904937,34.68576408936165,-0.14050827141878264,2025-10-01,1
0.4,0.950645060974978,0.2216008947116153,34.30157675143007,-0.16765954588421197,2025-10-01,1
0.45,0.9421415186534353,0.18888800127815944,33.99474834451416,-0.19884123393869305,2025-10-01,1
0.5,0.9336889445818365,0.1593705064706822,33.68975899552755,-0.23220846228610784,2025-10-01,1
0.55,0.9233748153522956,0.13216967566703947,33.31760022679801,-0.2669941283213501,2025-10-01,1
0.6,0.9162493562646159,0.10912286307716888,33.0604964013865,-0.30682155217265783,2025-10-01,1
0.65,0.9075303574841441,0.08763380731746286,32.745893803486034,-0.35105030757430283,2025-10-01,1
0.7,0.901975049594898,0.06474676465889119,32.54544483702807,-0.40820825476557787,2025-10-01,1
0.75,0.8945296979409768,0.045135005591947594,32.276798512882195,-0.47386631116847533,2025-10-01,1
0.8,0.8930083480463717,0.026841348458220164,32.22190452319265,-0.5595198971077918,2025-10-01,1
0.85,0.9017563888095547,0.013340789263460617,32.53755502618396,-0.672055109421168,2025-10-01,1
0.9,0.9314950630876234,0.004154018213772168,33.61059843650659,-0.8075230767624886,2025-10-01,1
0.95,0.9968484374706845,7.988496564946476e-05,35.96870650374507,-0.9857894419862749,2025-10-01,1
0.0,1.0389922856313698,1.0,36.104862023983806,-0.08484115832620452,2025-10-01,2
0.05,1.0326632061640937,0.7544870739338053,35.8849272428839,-0.09148519889529025,2025-10-01,2
0.1,1.0225938629840365,0.6082660958340195,35.53501872939846,-0.10381689254340801,2025-10-01,2
0.15,1.0107363547042356,0.49864152807508644,35.12297168505462,-0.1193880960560236,2025-10-01,2
0.2,0.9986956906152217,0.4182446896097481,34.70455999747716,-0.13776110956386411,2025-10-01,2
0.25,0.9882372994354456,0.35493166474559523,34.34113211089838,-0.15797250011036898,2025-10-01,2
0.3,0.9779558291711515,0.30610900708052036,33.983852205715586,-0.1803231866748398,2025-10-01,2
0.35,0.967334515034224,0.26584883912399143,33.61476276517741,-0.20433914993955624,2025-10-01,2
0.4,0.9589724901481468,0.22867610736044788,33.32418336537997,-0.23331026164494756,2025-10-01,2
0.45,0.9481716879706162,0.19273835007409848,32.94885673614411,-0.26863896131389287,2025-10-01,2
0.5,0.9369017587208229,0.16025852132389265,32.55722799528529,-0.3063197533792447,2025-10-01,2
0.55,0.9259606090396261,0.1306602996871398,32.177024306493394,-0.34809592131374467,2025-10-01,2
0.6,0.9124905485476711,0.10167956528898403,31.708941258868823,-0.39835513603360206,2025-10-01,2
0.65,0.9091848677571014,0.07652725177013009,31.594069232878443,-0.45900164207882266,2025-10-01,2
0.7,0.9070541887890725,0.05265107854437675,31.520028384623885,-0.5340303586772684,2025-10-01,2
0.75,0.9109992885456084,0.03112135682529228,31.65712014589141,-0.6355469424940425,2025-10-01,2
0.8,0.9318560171791197,0.014202206487732587,32.38188905899937,-0.7592611030377138,2025-10-01,2
0.85,0.968057156170973,0.005310390251934793,33.63987446128527,-0.8803211851955237,2025-10-01,2
0.9,0.9947680468776041,0.00032932652725177014,34.56807483085259,-0.9801928468320963,2025-10-01,2
0.95,1.0,0.0,34.749884598078395,-1.0,2025-10-01,2
0.0,1.0445329822974376,1.0,35.52136996466117,-0.12052875118497286,2025-10-01,3
0.05,1.0377950651582712,0.7335568738715502,35.29223402396054,-0.12771466824217587,2025-10-01,3
0.1,1.0262144447225634,0.5844295417418967,34.898412565099264,-0.14177820568099622,2025-10-01,3
0.15,1.0147771250035469,0.48211675694265327,34.509464325044924,-0.15920253850239888,2025-10-01,3
0.2,1.00262168038364,0.39923480354225777,34.096094854911996,-0.1798076037352622,2025-10-01,3
0.25,0.9900054191860804,0.3347949445447511,33.66705442328903,-0.2042832747731789,2025-10-01,3
0.3,0.9782306925210931,0.279984524116585,33.26663200562651,-0.22934433994650963,2025-10-01,3
0.35,0.9684535589584082,0.23716791333505288,32.93414161579683,-0.25599598676209795,2025-10-01,3
0.4,0.9576771980933384,0.19822027340727366,32.56767056351958,-0.29202572642076924,2025-10-01,3
0.45,0.9473066923944136,0.16374344424383114,32.2150014033348,-0.3328513049925699,2025-10-01,3
0.5,0.9379310363442263,0.13197489467801565,31.896164034994737,-0.3786158227787513,2025-10-01,3
0.55,0.93085814177607,0.10424727022611985,31.655636537122984,-0.42831228435765056,2025-10-01,3
0.6,0.9259966957420566,0.07948585676210128,31.490313635822535,-0.4843320753633321,2025-10-01,3
0.65,0.9245311547023868,0.05786260854612673,31.44047507030974,-0.5491827851332737,2025-10-01,3
0.7,0.9239871300069924,0.038044880061903534,31.421974455391375,-0.6236965900031384,2025-10-01,3
0.75,0.924119225010443,0.02127933969564096,31.42646660218575,-0.7210636766896467,2025-10-01,3
0.8,0.9421949200227748,0.01023127847992434,32.0411656694083,-0.8153651765858538,2025-10-01,3
0.85,0.9583266895952824,0.0019774739919181496,32.589757781750556,-0.9169431211439977,2025-10-01,3
0.9,0.9981942076662363,0.00021494282520849453,33.945530057946534,-0.99498116952477,2025-10-01,3
0.95,1.0,0.0,34.00693952864212,-1.0,2025-10-01,3
0.0,1.0401413887947892,1.0,33.30047783808508,-0.040083349541578106,2025-11-01,1
0.05,1.032218765142965,0.6559715462373643,33.04683236624903,-0.04873316800963614,2025-11-01,1
0.1,1.0212373490006905,0.49737925870460503,32.69525861981795,-0.06241795359811191,2025-11-01,1
0.15,1.0108121611876402,0.4067016098839386,32.361492711196036,-0.07771811196335834,2025-11-01,1
0.2,1.0006485520568664,0.3461999251216773,32.036101332427364,-0.09605104168774957,2025-11-01,1
0.25,0.9910747800041968,0.30239610632721825,31.729593786913572,-0.115362115757048,2025-11-01,1
0.3,0.9817563794697775,0.26454511418944215,31.431262046800445,-0.1367763203881385,2025-11-01,1
0.35,0.9731008612448377,0.230887308124298,31.15415270769346,-0.1592075190099397,2025-11-01,1
0.4,0.9621211988025539,0.19932609509546986,30.80263510655985,-0.18806778623382295,2025-11-01,1
0.45,0.9523926964366494,0.16926244852115313,30.491173817812424,-0.22108424023715836,2025-11-01,1
0.5,0.9413618270043831,0.14372894047173343,30.138016807600938,-0.25471108201939785,2025-11-01,1
0.55,0.9335368582225851,0.11898165481093223,29.88749778940871,-0.2932349596390622,2025-11-01,1
0.6,0.9229532343890808,0.09385997753650319,29.548659498085055,-0.33655170469519496,2025-11-01,1
0.65,0.9125454329862827,0.07199550730063646,29.215450221259086,-0.3860820980459561,2025-11-01,1
0.7,0.9091992108840341,0.05312616997379259,29.108319790571816,-0.4466559962106052,2025-11-01,1
0.75,0.9051244436760404,0.035754399101460124,28.977864742280374,-0.5144162503545684,2025-11-01,1
0.8,0.9044059355507279,0.020853612879071507,28.954861461994437,-0.5979712810979811,2025-11-01,1
0.85,0.9182895012853498,0.010146012729314863,29.399348507736434,-0.6968417404294458,2025-11-01,1
0.9,0.9362283917076765,0.002920254586297267,29.973668142916708,-0.8170350955539003,2025-11-01,1
0.95,0.9956405789374306,7.487832272557094e-05,31.875769381719465,-0.987313844169367,2025-11-01,1
0.0,1.0740709890906561,1.0,33.47763094810392,-0.024964089571407878,2025-11-01,2
0.05,1.0671906574162147,0.7131675874769797,33.2631784520054,-0.032290346044056055,2025-11-01,2
0.1,1.0566281688917991,0.5559008594229589,32.93395710974259,-0.045000400622059546,2025-11-01,2
0.15,1.0448981828120727,0.4550721301411909,32.56834613151857,-0.06160635336897741,2025-11-01,2
0.2,1.03302870568395,0.3858962553713935,32.19838736819821,-0.07990759562519989,2025-11-01,2
0.25,1.0214839430444604,0.33402394106814,31.838549604257206,-0.09979063472413481,2025-11-01,2
0.3,1.0084115075170141,0.29124462860650707,31.431095928824405,-0.12421679234493449,2025-11-01,2
0.35,0.9973029061559879,0.2541436464088398,31.084852840153985,-0.1507915438384648,2025-11-01,2
0.4,0.9852307735364855,0.21876918354818908,30.70857752437208,-0.18089906074626846,2025-11-01,2
0.45,0.9724916020256835,0.1860036832412523,30.311511327859037,-0.2149359764419058,2025-11-01,2
0.5,0.9579527343784551,0.15630755064456722,29.858350549436636,-0.2530146301575524,2025-11-01,2
0.55,0.9497439806387691,0.12979588704726827,29.602492574468204,-0.2974288282476145,2025-11-01,2
0.6,0.9360062401486335,0.10378299570288521,29.174302062983525,-0.3440316319984879,2025-11-01,2
0.65,0.9226970126931646,0.07934315531000614,28.75946783928311,-0.4034334682878831,2025-11-01,2
0.7,0.9170496912682076,0.05739717618170657,28.583446938960595,-0.469724028325584,2025-11-01,2
0.75,0.9117289361825911,0.03629527317372621,28.417604758200902,-0.5517487071025776,2025-11-01,2
0.8,0.912687537267574,0.019337016574585635,28.447483317137383,-0.6541056352070179,2025-11-01,2
0.85,0.9285398378307288,0.007289748311847759,28.94158237885864,-0.7876257563326521,2025-11-01,2
0.9,0.9876331255603282,0.0005371393492940455,30.78345623842219,-0.9623283872893966,2025-11-01,2
0.95,1.0,0.0,31.168918337927725,-1.0,2025-11-01,2
0.0,1.087983346556409,1.0,33.04762189780026,-0.057859564096282845,2025-11-01,3
0.05,1.0806933488621393,0.7374771771056601,32.82618736187783,-0.06557057653757929,2025-11-01,3
0.1,1.0684095587522062,0.5837897912201317,32.45306579498079,-0.08037364353336224,2025-11-01,3
0.15,1.054606353749478,0.47610542192585537,32.03379182231219,-0.09984919898023717,2025-11-01,3
0.2,1.040878458578661,0.39854727316027627,31.61680539463043,-0.12212377521996429,2025-11-01,3
0.25,1.0286351893830885,0.3392871318567913,31.244914655264886,-0.14430034353999993,2025-11-01,3
0.3,1.0166976690558633,0.2918948956100659,30.88231107367506,-0.1699963270706205,2025-11-01,3
0.35,1.0065628563610454,0.25220290545367946,30.574464948085478,-0.19598862122557023,2025-11-01,3
0.4,0.9945885585270959,0.2157656584901167,30.210744245410652,-0.22681035984610232,2025-11-01,3
0.45,0.984231037814836,0.18305945860125428,29.896133337641896,-0.2665486642042263,2025-11-01,3
0.5,0.9701090299694237,0.15090894657458126,29.467175691194353,-0.3112498981677308,2025-11-01,3
0.55,0.9567755682766345,0.12054457410494562,29.062170226720312,-0.3608772013163181,2025-11-01,3
0.6,0.9457308397173128,0.09541954433595301,28.726685299908173,-0.41507608522662115,2025-11-01,3
0.65,0.9375993428939448,0.06910375486226879,28.4796901291343,-0.48591091912011997,2025-11-01,3
0.7,0.932569474620174,0.04600301659125189,28.32690728973383,-0.5766778883295466,2025-11-01,3
0.75,0.9359039696972152,0.02631578947368421,28.428192969220486,-0.6766355886392496,2025-11-01,3
0.8,0.9559528393375111,0.010835913312693499,29.037179738593277,-0.8131732113534604,2025-11-01,3
0.85,0.9844328732261652,0.0021433674684448677,29.90226411195963,-0.931590805900531,2025-11-01,3
0.9,1.0000493084861526,0.0,30.376615166593886,-0.9995888414366589,2025-11-01,3
0.95,1.0,0.0,30.375117415537417,-1.0,2025-11-01,3
0.0,0.9474331473573477,1.0,33.67259071738747,-0.1741518382222756,2025-12-01,1
0.05,0.9404407796487684,0.5937037037037037,33.42407594180335,-0.1818898412273566,2025-12-01,1
0.1,0.9317723651248778,0.45455555555555555,33.11599301769859,-0.19300760230442088,2025-12-01,1
0.15,0.9236150475536363,0.3768888888888889,32.82607491984196,-0.20611613075028462,2025-12-01,1
0.2,0.9149089472688492,0.32192592592592595,32.51665261131089,-0.22123524485052415,2025-12-01,1
0.25,0.9064890860097083,0.2778888888888889,32.21740348448115,-0.23861752469342104,2025-12-01,1
0.3,0.8987690952742322,0.24003703703703705,31.943028359330857,-0.2583286627978675,2025-12-01,1
0.35,0.8902825834164763,0.2051851851851852,31.64141041277543,-0.2823862009626933,2025-12-01,1
0.4,0.8824223961414213,0.174,31.362052581763084,-0.3062828397044258,2025-12-01,1
0.45,0.8756322156268116,0.14662962962962964,31.120723713332232,-0.335846704499098,2025-12-01,1
0.5,0.8687872353826355,0.12044444444444445,30.877447215276785,-0.36868686318014593,2025-12-01,1
0.55,0.8615559729932412,0.09648148148148149,30.62044191681611,-0.40270980024932534,2025-12-01,1
0.6,0.8552394053803896,0.0747037037037037,30.39594565915453,-0.44160740891134953,2025-12-01,1
0.65,0.8538349401145431,0.05592592592592593,30.346029752997406,-0.48715676380681583,2025-12-01,1
0.7,0.8564444339872237,0.04014814814814815,30.43877341454165,-0.5396804168928846,2025-12-01,1
0.75,0.8580281092065252,0.02625925925925926,30.495058596918422,-0.600469820023142,2025-12-01,1
0.8,0.8645823274277179,0.015185185185185185,30.72800116204848,-0.6641211656797251,2025-12-01,1
0.85,0.879787726174367,0.006814814814814815,31.268414140123728,-0.7380857499022329,2025-12-01,1
0.9,0.9051580349161945,0.001925925925925926,32.17009678128965,-0.8208955431196525,2025-12-01,1
0.95,0.9560096483196499,0.00014814814814814815,33.977406954286515,-0.9379513468189372,2025-12-01,1
0.0,0.9789244542259238,1.0,34.254622425647135,-0.1885589409525366,2025-12-01,2
0.05,0.9719669829176865,0.6400331975252754,34.011165893662344,-0.19615918407103944,2025-12-01,2
0.1,0.9624695014242931,0.49004074241738343,33.67882907119731,-0.20833639083537359,2025-12-01,2
0.15,0.953419945418045,0.4003696997132941,33.362166102185164,-0.22217547511981242,2025-12-01,2
0.2,0.9432254647116067,0.3385393088878829,33.00543981353532,-0.2391587352815385,2025-12-01,2
0.25,0.9351110747682089,0.29074241738343143,32.72150026894058,-0.25711966478010206,2025-12-01,2
0.3,0.9265676689550223,0.25169760072430963,32.422548558115054,-0.2773820388794362,2025-12-01,2
0.35,0.9171128351926711,0.2175192394748755,32.09170406932077,-0.30104233012925335,2025-12-01,2
0.4,0.9073737265433165,0.18398219405462501,31.750912205243992,-0.3266418794629357,2025-12-01,2
0.45,0.898174525456077,0.15368945224083297,31.42901284058856,-0.3580363330065535,2025-12-01,2
0.5,0.8905480032222347,0.12532065791459182,31.162144811688773,-0.394961744690275,2025-12-01,2
0.55,0.883447563627782,0.1004225139580504,30.913685519131395,-0.43578487959205736,2025-12-01,2
0.6,0.8772244747617003,0.0774483174890599,30.695926571023964,-0.4803897694632246,2025-12-01,2
0.65,0.8747446825438521,0.056850762034102914,30.60915343367945,-0.5323687159159899,2025-12-01,2
0.7,0.8752523915974618,0.03761128715859363,30.626919239670308,-0.5927862906303275,2025-12-01,2
0.75,0.8809768181727649,0.023011920929530708,30.827228947016824,-0.6601547406922115,2025-12-01,2
0.8,0.891891751360412,0.01120416478044364,31.20916538095714,-0.738712195940063,2025-12-01,2
0.85,0.916961529974689,0.0036215482118605704,32.08640958199784,-0.8306689839010862,2025-12-01,2
0.9,0.9557621805159613,0.0006413158291836427,33.44412582702896,-0.9268815829544846,2025-12-01,2
0.95,1.0,0.0,34.99210003159404,-1.0,2025-12-01,2
0.0,1.0128955360400813,1.0,34.60364026242919,-0.16159428083594476,2025-12-01,3
0.05,1.0062407772739554,0.6538431767164641,34.376293146973886,-0.16885181035184232,2025-12-01,3
0.1,0.9974719754559969,0.5124622648811827,34.07672379076224,-0.17981449083232712,2025-12-01,3
0.15,0.9876695398084487,0.42259462806718784,33.74184231012163,-0.19420265867134578,2025-12-01,3
0.2,0.9770040837200284,0.3561808189488351,33.377477385421415,-0.21221594380939113,2025-12-01,3
0.25,0.9666737499321111,0.3056738137626751,33.0245612736717,-0.232116800211969,2025-12-01,3
0.3,0.9562236339163811,0.2629073457697964,32.667553031022415,-0.25436298874006996,2025-12-01,3
0.35,0.9449902854763002,0.22583017261397942,32.28378714941654,-0.28053101495429683,2025-12-01,3
0.4,0.9342957555170248,0.19150089016177724,31.91842897148111,-0.30918558266239393,2025-12-01,3
0.45,0.9255417231805527,0.16096447093428284,31.61936418637876,-0.3440441748829997,2025-12-01,3
0.5,0.9138495792202164,0.13228578063317595,31.219924432619198,-0.3852263650511408,2025-12-01,3
0.55,0.904780655712049,0.10608406223391903,30.910101992418717,-0.4287307986000338,2025-12-01,3
0.6,0.8947011085158959,0.081585262017184,30.5657535253029,-0.4788443943624117,2025-12-01,3
0.65,0.8881523011970872,0.05944732564439972,30.342026038563283,-0.5339934772352326,2025-12-01,3
0.7,0.883697748354834,0.039399334313801375,30.18984475372325,-0.5983120832592506,2025-12-01,3
0.75,0.888264817919802,0.022679773976313957,30.34586995736616,-0.6742459838169079,2025-12-01,3
0.8,0.9002400785836894,0.010875454756560106,30.754981852243322,-0.7572839527125574,2025-12-01,3
0.85,0.9226322988261764,0.0030188095053796733,31.519969263459874,-0.852483876793938,2025-12-01,3
0.9,0.9542517074970321,0.00011610805789921821,32.60018593341835,-0.9426635149555188,2025-12-01,3
0.95,0.9992428847373053,0.0,34.13722352200538,-0.9992083310296781,2025-12-01,3
